bot,coin,entry_price,exit_price,pnl_pct,pnl_usdt,hold_sec,exit_reason,trigger_jump,trigger_window,btc_regime,btc_24h_change,btc_dominance,market_age_days,entry_time,exit_time,max_profit_seen,max_loss_seen
E58v2-120,OZONE,5.600000000000000000,9.000000000000000000,60.7143,60.71428571,300.0,trailing_stop,2.00,3.00,bear,,,,2026-06-16 17:32:14.501087+00:00,2026-06-16 17:33:04.462584+00:00,75.0000,0.0000
E58v2-120,CSIGMA,0.090000000000000000,0.122000000000000000,35.5556,35.55555556,300.0,trailing_stop,2.00,3.00,bear,,,,2026-06-16 17:49:33.276833+00:00,2026-06-16 17:52:10.277019+00:00,47.2778,0.0000
E58v2-120,CSIGMA,0.024000000000000000,0.030400000000000000,26.6667,26.66666667,300.0,trailing_stop,2.00,3.00,bear,,,,2026-06-16 18:47:42.928207+00:00,2026-06-16 18:50:07.304469+00:00,62.5000,0.0000
E58v2-120,SHOT,0.540000000000000000,0.600510000000000000,11.2056,11.20555556,300.0,timeout,2.00,3.00,bear,,,,2026-06-16 17:59:14.292549+00:00,2026-06-16 18:04:14.294879+00:00,12.9630,-0.7185
E58v2-120,CS,2.303800000000000000,2.544100000000000000,10.4306,10.43059293,300.0,trailing_stop,2.00,3.00,bear,,,,2026-06-16 18:16:01.380759+00:00,2026-06-16 18:16:20.320035+00:00,20.2361,0.0000
E58v2-120,UBOX,0.000077000000000000,0.000082000000000000,6.4935,6.49350649,300.0,timeout,2.00,3.00,bear,,,,2026-06-16 18:38:53.786571+00:00,2026-06-16 18:41:08.478651+00:00,6.4935,0.0000
E58v2-120,UBOX,0.000074000000000000,0.000078000000000000,5.4054,5.40540541,300.0,timeout,2.00,3.00,bear,,,,2026-06-16 17:40:47.326977+00:00,2026-06-16 17:45:47.328806+00:00,5.4054,0.0000
E58v2-120,RICH,0.000210100000000000,0.000216200000000000,2.9034,2.90337934,300.0,timer_recovery,2.00,3.00,bear,,,,2026-06-16 18:53:06.275420+00:00,2026-06-16 19:03:09.978441+00:00,,
E58v2-120,XP8,0.000880000000000000,0.000900000000000000,2.2727,2.27272727,300.0,timeout,2.00,3.00,bear,,,,2026-06-16 18:14:32.521627+00:00,2026-06-16 18:19:32.524098+00:00,2.2727,0.0000
E58v2-120,LVVA,0.000244800000000000,0.000250100000000000,2.1650,2.16503268,300.0,timeout,2.00,3.00,bear,,,,2026-06-16 17:43:04.594514+00:00,2026-06-16 17:48:04.597186+00:00,2.1650,0.0000
E58v2-120,ESPORTS,0.129290000000000000,0.131210000000000000,1.4850,1.48503365,300.0,trailing_stop,2.00,3.00,bear,0.1405,56.32,0.0,2026-06-16 19:08:18.307170+00:00,2026-06-16 19:12:03.444490+00:00,7.2009,-2.5833
E58v2-120,XRPHAI,0.008380000000000000,0.008470000000000000,1.0740,1.07398568,300.0,trailing_stop,2.00,3.00,bear,,,,2026-06-16 18:07:55.342848+00:00,2026-06-16 18:08:03.723189+00:00,7.8759,0.0000
E58v2-120,DOGEUS,0.002024200000000000,0.002034000000000000,0.4841,0.48414188,300.0,timeout,2.00,3.00,bear,,,,2026-06-16 17:33:29.321984+00:00,2026-06-16 17:36:36.431948+00:00,4.1053,-1.8081
E58v2-120,SNS,0.000935300000000000,0.000937600000000000,0.2459,0.24591040,300.0,timer_recovery,2.00,3.00,bear,,,,2026-06-16 18:43:29.477581+00:00,2026-06-16 18:53:52.717358+00:00,,
E58v2-120,ALVA,0.011770000000000000,0.011770000000000000,0.0000,0E-8,300.0,timeout,2.00,3.00,bear,,,,2026-06-16 18:14:27.488359+00:00,2026-06-16 18:19:27.490372+00:00,0.0000,0.0000
E58v2-120,QLINDO,0.000759900000000000,0.000759900000000000,0.0000,0E-8,300.0,timeout,2.00,3.00,bear,,,,2026-06-16 17:35:17.663984+00:00,2026-06-16 17:40:17.666193+00:00,0.0000,0.0000
E58v2-120,PXP,0.021020000000000000,0.020940000000000000,-0.3806,-0.38058991,300.0,timeout,2.00,3.00,bear,,,,2026-06-16 17:31:02.633924+00:00,2026-06-16 17:36:02.636497+00:00,0.0000,-0.4282
E58v2-120,TARA,0.000032120000000000,0.000031830000000000,-0.9029,-0.90286426,300.0,timeout,2.00,3.00,bear,,,,2026-06-16 17:45:06.353702+00:00,2026-06-16 17:50:06.354934+00:00,0.2491,-0.9029
E58v2-120,DVERSE,0.000123800000000000,0.000122500000000000,-1.0501,-1.05008078,300.0,timer_recovery,2.00,3.00,bear,,,,2026-06-16 18:50:01.380695+00:00,2026-06-16 19:00:09.741327+00:00,,
E58v2-120,OZONE,10.500000000000000000,10.332000000000000000,-1.6000,-1.60000000,300.0,trailing_stop,2.00,3.00,bear,,,,2026-06-16 18:44:50.320481+00:00,2026-06-16 18:45:50.294966+00:00,5.4286,-5.1143
E58v2-120,LKY,0.069290000000000000,0.068110000000000000,-1.7030,-1.70298744,300.0,timeout,2.00,3.00,bear,,,,2026-06-16 18:12:19.350578+00:00,2026-06-16 18:17:19.352474+00:00,1.2267,-3.4637
E58v2-120,SHOT,0.760000000000000000,0.745000000000000000,-1.9737,-1.97368421,300.0,trailing_stop,2.00,3.00,bear,,,,2026-06-16 18:48:08.236320+00:00,2026-06-16 18:48:17.298686+00:00,7.6447,-1.9737
E58v2-120,XT,0.000720000000000000,0.000702900000000000,-2.3750,-2.37500000,300.0,trailing_stop,2.00,3.00,bear,,,,2026-06-16 17:37:29.330637+00:00,2026-06-16 17:37:47.288180+00:00,5.5417,-2.3750
E58v2-120,XNA,0.000042630000000000,0.000041600000000000,-2.4161,-2.41613887,300.0,timeout,2.00,3.00,bear,,,,2026-06-16 17:57:39.618233+00:00,2026-06-16 18:02:39.620155+00:00,0.0000,-2.9322
E58v2-120,XT,0.000710000000000000,0.000690800000000000,-2.7042,-2.70422535,300.0,trailing_stop,2.00,3.00,bear,,,,2026-06-16 17:35:22.494963+00:00,2026-06-16 17:35:50.321817+00:00,7.0423,-2.7042
E58v2-120,PEACE,0.000022440000000000,0.000021790000000000,-2.8966,-2.89661319,300.0,timeout,2.00,3.00,bear,0.1405,56.32,0.0,2026-06-16 19:02:57.405639+00:00,2026-06-16 19:07:57.408149+00:00,0.0000,-3.9216
E58v2-120,XT,0.000820000000000000,0.000790600000000000,-3.5854,-3.58536585,300.0,trailing_stop,2.00,3.00,bear,,,,2026-06-16 17:46:46.276562+00:00,2026-06-16 17:46:56.277370+00:00,6.5366,-3.5854
E58v2-120,TRT,0.030200000000000000,0.029100000000000000,-3.6424,-3.64238411,300.0,timeout,2.00,3.00,bear,,,,2026-06-16 17:39:11.487934+00:00,2026-06-16 17:44:11.490104+00:00,0.0000,-5.6291
E58v2-120,PAL,0.000892600000000000,0.000859800000000000,-3.6747,-3.67465830,300.0,timer_recovery,2.00,3.00,bear,,,,2026-06-16 18:54:19.335116+00:00,2026-06-16 19:04:40.044762+00:00,,
E58v2-120,LVR,13.767700000000000000,13.259900000000000000,-3.6883,-3.68834301,300.0,trailing_stop,2.00,3.00,bear,,,,2026-06-16 18:34:16.384372+00:00,2026-06-16 18:34:46.303295+00:00,3.9418,-3.6883
E58v2-120,DVERSE,0.000126800000000000,0.000120000000000000,-5.3628,-5.36277603,300.0,timeout,2.00,3.00,bear,,,,2026-06-16 17:38:04.354191+00:00,2026-06-16 17:43:04.356536+00:00,0.0000,-5.3628
E58v2-120,PAL,0.000890500000000000,0.000837000000000000,-6.0079,-6.00786075,300.0,stop_loss,2.00,3.00,bear,,,,2026-06-16 17:43:46.442040+00:00,2026-06-16 17:43:51.247417+00:00,0.0000,-6.0079
E58v2-120,SHOT,0.756000000000000000,0.710000000000000000,-6.0847,-6.08465608,300.0,stop_loss,2.00,3.00,bear,0.1405,56.32,0.0,2026-06-16 18:59:40.241406+00:00,2026-06-16 19:00:53.252795+00:00,0.0013,-6.0847
E58v2-120,ON,0.097340000000000000,0.091310000000000000,-6.1948,-6.19478118,300.0,stop_loss,2.00,3.00,bear,,,,2026-06-16 17:36:03.577395+00:00,2026-06-16 17:37:39.269369+00:00,0.0000,-6.1948
E58v2-120,NDC,0.000321000000000000,0.000301000000000000,-6.2305,-6.23052960,300.0,stop_loss,2.00,3.00,bear,,,,2026-06-16 17:48:29.594860+00:00,2026-06-16 17:53:03.620793+00:00,0.0000,-6.2305
E58v2-120,SHOT,0.615520000000000000,0.576900000000000000,-6.2744,-6.27436964,300.0,stop_loss,2.00,3.00,bear,,,,2026-06-16 18:18:22.640025+00:00,2026-06-16 18:18:23.340597+00:00,0.0000,-6.2744
E58v2-120,UBOX,0.000079000000000000,0.000074000000000000,-6.3291,-6.32911392,300.0,trailing_stop,2.00,3.00,bear,,,,2026-06-16 18:19:56.402120+00:00,2026-06-16 18:20:18.439263+00:00,2.5316,-6.3291
E58v2-120,DOGEUS,0.002009100000000000,0.001877900000000000,-6.5303,-6.53028719,300.0,stop_loss,2.00,3.00,bear,,,,2026-06-16 17:31:36.429623+00:00,2026-06-16 17:32:17.293765+00:00,0.0000,-6.5303
E58v2-120,RBT,29.870000000000000000,27.890000000000000000,-6.6287,-6.62872447,300.0,stop_loss,2.00,3.00,bear,,,,2026-06-16 17:46:31.515068+00:00,2026-06-16 17:48:43.310945+00:00,0.0000,-6.6287
E58v2-120,SAL,0.023000000000000000,0.021440000000000000,-6.7826,-6.78260870,300.0,stop_loss,2.00,3.00,bear,,,,2026-06-16 17:53:26.476557+00:00,2026-06-16 17:53:40.270926+00:00,0.0000,-6.7826
E58v2-120,OZONE,12.643000000000000000,11.732000000000000000,-7.2056,-7.20556830,300.0,stop_loss,2.00,3.00,bear,,,,2026-06-16 18:49:05.827996+00:00,2026-06-16 18:52:08.294382+00:00,0.0000,-7.2056
E58v2-120,XT,0.000831600000000000,0.000770000000000000,-7.4074,-7.40740741,300.0,stop_loss,2.00,3.00,bear,,,,2026-06-16 17:51:04.515666+00:00,2026-06-16 17:51:41.353431+00:00,0.0000,-7.4074
E58v2-120,DOGEUS,0.002150800000000000,0.001990000000000000,-7.4763,-7.47628789,300.0,stop_loss,2.00,3.00,bear,,,,2026-06-16 17:39:13.505973+00:00,2026-06-16 17:39:14.409113+00:00,0.0000,-7.4763
E58v2-120,OBI,0.000165200000000000,0.000151000000000000,-8.5956,-8.59564165,300.0,trailing_stop,2.00,3.00,bear,,,,2026-06-16 18:00:37.391372+00:00,2026-06-16 18:01:46.353817+00:00,3.3898,-8.5956
E58v2-120,UBOX,0.000079000000000000,0.000072000000000000,-8.8608,-8.86075949,300.0,stop_loss,2.00,3.00,bear,,,,2026-06-16 18:36:08.476459+00:00,2026-06-16 18:37:23.374001+00:00,0.0000,-8.8608
E58v2-120,OZONE,10.500000000000000000,8.600000000000000000,-18.0952,-18.09523810,300.0,stop_loss,2.00,3.00,bear,0.1405,56.32,0.0,2026-06-16 18:56:27.617307+00:00,2026-06-16 18:59:21.322456+00:00,0.0000,-18.0952
E58v2-120,AIPO,0.001488000000000000,0.001200000000000000,-19.3548,-19.35483871,300.0,stop_loss,2.00,3.00,bear,,,,2026-06-16 17:37:23.450113+00:00,2026-06-16 17:37:30.459612+00:00,0.0000,-19.3548
E58v2-120,CSIGMA,0.039990000000000000,0.032000000000000000,-19.9800,-19.97999500,300.0,stop_loss,2.00,3.00,bear,,,,2026-06-16 18:43:45.345694+00:00,2026-06-16 18:44:46.288500+00:00,0.0000,-19.9800
E58v2-27,OZONE,5.600000000000000000,9.000000000000000000,60.7143,60.71428571,180.0,trailing_stop,3.00,3.00,bear,,,,2026-06-16 17:32:14.350640+00:00,2026-06-16 17:33:04.358407+00:00,75.0000,0.0000
E58v2-27,CSIGMA,0.085550000000000000,0.122000000000000000,42.6067,42.60666277,180.0,trailing_stop,3.00,3.00,bear,,,,2026-06-16 17:49:24.260608+00:00,2026-06-16 17:52:10.270951+00:00,54.9386,0.0000
E58v2-27,OZONE,23.000000000000000000,32.000000000000000000,39.1304,39.13043478,180.0,trailing_stop,3.00,3.00,bear,,,,2026-06-16 17:59:44.304087+00:00,2026-06-16 18:00:43.316796+00:00,52.1739,0.0000
E58v2-27,CSIGMA,0.024000000000000000,0.030400000000000000,26.6667,26.66666667,180.0,trailing_stop,3.00,3.00,bear,,,,2026-06-16 18:47:42.648245+00:00,2026-06-16 18:50:07.266099+00:00,62.5000,0.0000
E58v2-27,XT,0.000598000000000000,0.000690800000000000,15.5184,15.51839465,180.0,trailing_stop,3.00,3.00,bear,,,,2026-06-16 17:34:50.300676+00:00,2026-06-16 17:35:50.294042+00:00,27.0903,0.0000
E58v2-27,STRM,0.000414100000000000,0.000451600000000000,9.0558,9.05578363,180.0,timeout,3.00,3.00,bear,,,,2026-06-16 17:51:51.374212+00:00,2026-06-16 17:54:51.376521+00:00,12.3400,0.0000
E58v2-27,DVERSE,0.000123800000000000,0.000133000000000000,7.4313,7.43134087,180.0,timeout,3.00,3.00,bear,,,,2026-06-16 18:50:01.282885+00:00,2026-06-16 18:53:01.286004+00:00,7.4313,0.0000
E58v2-27,CS,2.275400000000000000,2.440000000000000000,7.2339,7.23389294,180.0,trailing_stop,3.00,3.00,bear,,,,2026-06-16 18:15:56.346371+00:00,2026-06-16 18:16:11.319243+00:00,12.5077,-2.7028
E58v2-27,ESPORTS,0.129290000000000000,0.137190000000000000,6.1103,6.11029469,180.0,timeout,3.00,3.00,bear,0.1405,56.32,0.0,2026-06-16 19:08:18.287452+00:00,2026-06-16 19:11:18.293418+00:00,7.2009,-2.5833
E58v2-27,UBOX,0.000074000000000000,0.000078000000000000,5.4054,5.40540541,180.0,timeout,3.00,3.00,bear,,,,2026-06-16 17:40:47.294941+00:00,2026-06-16 17:43:47.318278+00:00,5.4054,0.0000
E58v2-27,RICH,0.000206800000000000,0.000217500000000000,5.1741,5.17408124,180.0,timer_recovery,3.00,3.00,bear,,,,2026-06-16 18:53:05.306966+00:00,2026-06-16 18:59:09.667066+00:00,,
E58v2-27,VIM,0.000230000000000000,0.000240000000000000,4.3478,4.34782609,180.0,timeout,3.00,3.00,bear,,,,2026-06-16 18:06:14.314815+00:00,2026-06-16 18:09:14.315859+00:00,4.3478,0.0000
E58v2-27,SHOT,0.714080000000000000,0.745000000000000000,4.3300,4.33004705,180.0,trailing_stop,3.00,3.00,bear,,,,2026-06-16 18:47:48.307189+00:00,2026-06-16 18:48:17.283004+00:00,14.5670,-0.0056
E58v2-27,VIM,0.000240000000000000,0.000250000000000000,4.1667,4.16666667,180.0,timeout,3.00,3.00,bear,,,,2026-06-16 18:27:52.315123+00:00,2026-06-16 18:30:52.316778+00:00,4.1667,0.0000
E58v2-27,XT,0.000749700000000000,0.000779800000000000,4.0149,4.01493931,180.0,timeout,3.00,3.00,bear,,,,2026-06-16 17:43:31.237451+00:00,2026-06-16 17:46:31.239355+00:00,4.0149,-3.9883
E58v2-27,SHOT,0.540000000000000000,0.561630000000000000,4.0056,4.00555556,180.0,timeout,3.00,3.00,bear,,,,2026-06-16 17:59:14.254696+00:00,2026-06-16 18:02:14.257290+00:00,5.2944,-0.7185
E58v2-27,XT,0.000733800000000000,0.000756100000000000,3.0390,3.03897520,180.0,timeout,3.00,3.00,bear,,,,2026-06-16 17:57:59.337903+00:00,2026-06-16 18:00:59.340558+00:00,3.1071,-4.4017
E58v2-27,BSA,0.001300000000000000,0.001333000000000000,2.5385,2.53846154,180.0,timeout,3.00,3.00,bear,0.1405,56.32,0.0,2026-06-16 19:04:23.324401+00:00,2026-06-16 19:07:23.325907+00:00,2.5385,-0.7692
E58v2-27,XP8,0.000880000000000000,0.000900000000000000,2.2727,2.27272727,180.0,timeout,3.00,3.00,bear,,,,2026-06-16 18:14:32.382759+00:00,2026-06-16 18:17:32.385489+00:00,2.2727,0.0000
E58v2-27,DEVVE,0.018600000000000000,0.018950000000000000,1.8817,1.88172043,180.0,timeout,3.00,3.00,bear,,,,2026-06-16 17:38:58.245207+00:00,2026-06-16 17:41:58.246408+00:00,2.0968,-3.9785
E58v2-27,CHEQ,0.003161000000000000,0.003213000000000000,1.6450,1.64504904,180.0,timeout,3.00,3.00,bear,0.1405,56.32,0.0,2026-06-16 19:06:25.371842+00:00,2026-06-16 19:09:25.373992+00:00,1.6450,-4.7770
E58v2-27,SPELL,0.000149900000000000,0.000152300000000000,1.6011,1.60106738,180.0,timer_recovery,3.00,3.00,bear,,,,2026-06-16 18:53:31.354018+00:00,2026-06-16 18:59:39.701490+00:00,,
E58v2-27,XNA,0.000041030000000000,0.000041590000000000,1.3649,1.36485498,180.0,timeout,3.00,3.00,bear,,,,2026-06-16 17:55:34.371588+00:00,2026-06-16 17:58:34.375808+00:00,3.8996,-4.8501
E58v2-27,XNA,0.000043910000000000,0.000044460000000000,1.2526,1.25256206,180.0,timeout,3.00,3.00,bear,,,,2026-06-16 18:05:20.346486+00:00,2026-06-16 18:08:20.347882+00:00,2.5507,-1.9813
E58v2-27,XRPHAI,0.008380000000000000,0.008470000000000000,1.0740,1.07398568,180.0,trailing_stop,3.00,3.00,bear,,,,2026-06-16 18:07:55.312877+00:00,2026-06-16 18:08:03.702835+00:00,7.8759,0.0000
E58v2-27,DOGEUS,0.002024200000000000,0.002038200000000000,0.6916,0.69163126,180.0,timeout,3.00,3.00,bear,,,,2026-06-16 17:33:29.292897+00:00,2026-06-16 17:33:52.416807+00:00,2.1885,-1.8081
E58v2-27,DOGEUS,0.001920000000000000,0.001927100000000000,0.3698,0.36979167,180.0,trailing_stop,3.00,3.00,bear,,,,2026-06-16 17:30:52.413580+00:00,2026-06-16 17:31:40.304982+00:00,4.6406,-2.1823
E58v2-27,SNS,0.000935300000000000,0.000937400000000000,0.2245,0.22452689,180.0,timeout,3.00,3.00,bear,,,,2026-06-16 18:43:29.411170+00:00,2026-06-16 18:46:29.412971+00:00,0.2245,0.0000
E58v2-27,LVR,13.917600000000000000,13.945400000000000000,0.1997,0.19974708,180.0,trailing_stop,3.00,3.00,bear,,,,2026-06-16 18:32:23.354659+00:00,2026-06-16 18:33:07.292981+00:00,4.8960,-6.4393
E58v2-27,ANT,0.000011579000000000,0.000011579000000000,0.0000,0E-8,180.0,timeout,3.00,3.00,bear,,,,2026-06-16 18:19:15.314622+00:00,2026-06-16 18:22:15.316780+00:00,0.0000,0.0000
E58v2-27,NDC,0.000321000000000000,0.000321000000000000,0.0000,0E-8,180.0,timeout,3.00,3.00,bear,,,,2026-06-16 17:48:29.471905+00:00,2026-06-16 17:51:29.475153+00:00,0.0000,-5.9190
E58v2-27,QLINDO,0.000759900000000000,0.000759900000000000,0.0000,0E-8,180.0,timeout,3.00,3.00,bear,,,,2026-06-16 17:35:17.476160+00:00,2026-06-16 17:38:17.477573+00:00,0.0000,0.0000
E58v2-27,VIM,0.000250000000000000,0.000250000000000000,0.0000,0E-8,180.0,timeout,3.00,3.00,bear,0.1405,56.32,0.0,2026-06-16 18:59:51.299759+00:00,2026-06-16 19:02:51.301779+00:00,0.0000,0.0000
E58v2-27,TUP,0.002300000000000000,0.002300000000000000,0.0000,0E-8,180.0,timeout,3.00,3.00,bear,,,,2026-06-16 17:31:57.381272+00:00,2026-06-16 17:34:57.382882+00:00,0.0000,0.0000
E58v2-27,FAVE,0.055190000000000000,0.055190000000000000,0.0000,0E-8,180.0,timeout,3.00,3.00,bear,0.1405,56.32,0.0,2026-06-16 18:59:22.318497+00:00,2026-06-16 19:02:22.321879+00:00,0.0000,0.0000
E58v2-27,RAVE,0.333200000000000000,0.333200000000000000,0.0000,0E-8,180.0,timeout,3.00,3.00,bear,0.1405,56.32,0.0,2026-06-16 18:58:11.298653+00:00,2026-06-16 19:01:11.299793+00:00,0.0000,0.0000
E58v2-27,EON,0.003756000000000000,0.003756000000000000,0.0000,0E-8,180.0,timeout,3.00,3.00,bear,0.1405,56.32,0.0,2026-06-16 19:10:24.610215+00:00,2026-06-16 19:13:24.611556+00:00,0.0000,0.0000
E58v2-27,OZONE,12.643000000000000000,12.643000000000000000,0.0000,0E-8,180.0,timeout,3.00,3.00,bear,,,,2026-06-16 18:49:05.571919+00:00,2026-06-16 18:52:05.573212+00:00,0.0000,0.0000
E58v2-27,VIM,0.000240000000000000,0.000240000000000000,0.0000,0E-8,180.0,timeout,3.00,3.00,bear,,,,2026-06-16 18:42:31.378876+00:00,2026-06-16 18:45:31.382301+00:00,0.0000,0.0000
E58v2-27,RAVE,0.333100000000000000,0.333100000000000000,0.0000,0E-8,180.0,timeout,3.00,3.00,bear,,,,2026-06-16 18:41:40.309303+00:00,2026-06-16 18:44:40.310880+00:00,0.0000,0.0000
E58v2-27,DVERSE,0.000127700000000000,0.000127700000000000,0.0000,0E-8,180.0,timeout,3.00,3.00,bear,0.1405,56.32,0.0,2026-06-16 19:01:55.272819+00:00,2026-06-16 19:04:55.287601+00:00,0.0000,0.0000
E58v2-27,BOBO,0.007856000000000000,0.007856000000000000,0.0000,0E-8,180.0,timeout,3.00,3.00,bear,,,,2026-06-16 17:43:04.366568+00:00,2026-06-16 17:46:04.369074+00:00,0.0000,0.0000
E58v2-27,LVVA,0.000244800000000000,0.000244800000000000,0.0000,0E-8,180.0,timeout,3.00,3.00,bear,,,,2026-06-16 17:43:04.546382+00:00,2026-06-16 17:46:04.548865+00:00,0.0000,0.0000
E58v2-27,ALVA,0.011770000000000000,0.011770000000000000,0.0000,0E-8,180.0,timeout,3.00,3.00,bear,,,,2026-06-16 18:14:27.400172+00:00,2026-06-16 18:17:27.402274+00:00,0.0000,0.0000
E58v2-27,UBOX,0.000077000000000000,0.000077000000000000,0.0000,0E-8,180.0,timeout,3.00,3.00,bear,,,,2026-06-16 18:38:53.720214+00:00,2026-06-16 18:39:08.336956+00:00,0.0000,0.0000
E58v2-27,AIC,0.016834000000000000,0.016814000000000000,-0.1188,-0.11880718,180.0,timeout,3.00,3.00,bear,,,,2026-06-16 17:50:43.387364+00:00,2026-06-16 17:53:43.389494+00:00,0.0000,-0.1485
E58v2-27,TRT,0.030200000000000000,0.030100000000000000,-0.3311,-0.33112583,180.0,timeout,3.00,3.00,bear,,,,2026-06-16 17:39:11.345111+00:00,2026-06-16 17:42:11.346367+00:00,0.0000,-5.6291
E58v2-27,PXP,0.021020000000000000,0.020950000000000000,-0.3330,-0.33301618,180.0,timeout,3.00,3.00,bear,,,,2026-06-16 17:31:02.593902+00:00,2026-06-16 17:34:02.596094+00:00,0.0000,-0.4282
E58v2-27,VRA,0.000010002000000000,0.000009963000000000,-0.3899,-0.38992202,180.0,timeout,3.00,3.00,bear,,,,2026-06-16 18:32:18.353019+00:00,2026-06-16 18:35:18.354999+00:00,0.6899,-0.4899
E58v2-27,TARA,0.000032120000000000,0.000031940000000000,-0.5604,-0.56039851,180.0,timeout,3.00,3.00,bear,,,,2026-06-16 17:45:06.293042+00:00,2026-06-16 17:48:06.312310+00:00,0.2491,-0.5604
E58v2-27,LVR,12.800000000000000000,12.720900000000000000,-0.6180,-0.61796875,180.0,timeout,3.00,3.00,bear,,,,2026-06-16 18:19:01.343335+00:00,2026-06-16 18:22:01.345063+00:00,0.0000,-2.3578
E58v2-27,SENS,0.000055500000000000,0.000055100000000000,-0.7207,-0.72072072,180.0,timeout,3.00,3.00,bear,,,,2026-06-16 17:37:55.350300+00:00,2026-06-16 17:40:55.352203+00:00,0.0000,-3.9640
E58v2-27,CLAWBANK,0.000013722000000000,0.000013619000000000,-0.7506,-0.75061944,180.0,timeout,3.00,3.00,bear,,,,2026-06-16 17:45:50.252363+00:00,2026-06-16 17:48:50.253656+00:00,2.0697,-0.8454
E58v2-27,BSB,0.522820000000000000,0.518870000000000000,-0.7555,-0.75551815,180.0,timeout,3.00,3.00,bear,0.1405,56.32,0.0,2026-06-16 19:08:50.310003+00:00,2026-06-16 19:11:50.315265+00:00,0.9257,-2.1671
E58v2-27,SER,0.000058900000000000,0.000058400000000000,-0.8489,-0.84889643,180.0,timeout,3.00,3.00,bear,,,,2026-06-16 18:34:48.300146+00:00,2026-06-16 18:37:48.301560+00:00,0.0000,-0.8489
E58v2-27,ON,0.092810000000000000,0.091960000000000000,-0.9158,-0.91584959,180.0,trailing_stop,3.00,3.00,bear,,,,2026-06-16 17:35:57.317704+00:00,2026-06-16 17:36:04.294414+00:00,4.8809,-0.9158
E58v2-27,BOS,0.000096000000000000,0.000095000000000000,-1.0417,-1.04166667,180.0,trailing_stop,3.00,3.00,bear,0.1405,56.32,0.0,2026-06-16 19:12:28.393513+00:00,2026-06-16 19:12:44.230522+00:00,4.1667,-1.0417
E58v2-27,LKY,0.069290000000000000,0.068500000000000000,-1.1401,-1.14013566,180.0,timeout,3.00,3.00,bear,,,,2026-06-16 18:12:19.305008+00:00,2026-06-16 18:15:19.317324+00:00,1.2267,-3.1029
E58v2-27,CS,2.414000000000000000,2.383600000000000000,-1.2593,-1.25932063,180.0,trailing_stop,3.00,3.00,bear,0.1405,56.32,0.0,2026-06-16 19:08:58.345827+00:00,2026-06-16 19:11:01.290593+00:00,3.9768,-1.2593
E58v2-27,GAIN,0.001466600000000000,0.001443900000000000,-1.5478,-1.54779763,180.0,trailing_stop,3.00,3.00,bear,,,,2026-06-16 17:33:02.275922+00:00,2026-06-16 17:33:23.281109+00:00,3.0070,-1.5478
E58v2-27,OZONE,10.500000000000000000,10.332000000000000000,-1.6000,-1.60000000,180.0,trailing_stop,3.00,3.00,bear,,,,2026-06-16 18:44:50.303141+00:00,2026-06-16 18:45:50.292258+00:00,5.4286,-5.1143
E58v2-27,CLAWBANK,0.000014388000000000,0.000014139000000000,-1.7306,-1.73060884,180.0,timeout,3.00,3.00,bear,,,,2026-06-16 18:29:51.249076+00:00,2026-06-16 18:32:51.250736+00:00,0.0000,-1.7376
E58v2-27,UNION,0.000350000000000000,0.000343200000000000,-1.9429,-1.94285714,180.0,timeout,3.00,3.00,bear,,,,2026-06-16 17:58:28.475714+00:00,2026-06-16 18:01:28.479072+00:00,0.0000,-2.0286
E58v2-27,HOOLI,0.000444800000000000,0.000435300000000000,-2.1358,-2.13579137,180.0,timeout,3.00,3.00,bear,0.1405,56.32,0.0,2026-06-16 18:57:52.254115+00:00,2026-06-16 19:00:52.255692+00:00,0.0000,-2.6079
E58v2-27,PEACE,0.000022440000000000,0.000021920000000000,-2.3173,-2.31729055,180.0,timeout,3.00,3.00,bear,0.1405,56.32,0.0,2026-06-16 19:02:57.361988+00:00,2026-06-16 19:05:57.363997+00:00,0.0000,-3.9216
E58v2-27,XT,0.000720000000000000,0.000702900000000000,-2.3750,-2.37500000,180.0,trailing_stop,3.00,3.00,bear,,,,2026-06-16 17:37:29.290170+00:00,2026-06-16 17:37:47.269607+00:00,5.5417,-2.3750
E58v2-27,PEPECOIN,0.062900000000000000,0.061380000000000000,-2.4165,-2.41653418,180.0,timeout,3.00,3.00,bear,0.1405,56.32,0.0,2026-06-16 19:07:08.396014+00:00,2026-06-16 19:10:08.398607+00:00,1.5580,-3.5453
E58v2-27,XT,0.000742100000000000,0.000720700000000000,-2.8837,-2.88370840,180.0,trailing_stop,3.00,3.00,bear,0.1405,56.32,0.0,2026-06-16 19:09:16.320071+00:00,2026-06-16 19:10:12.200189+00:00,2.0752,-2.8837
E58v2-27,RIZE,0.002580000000000000,0.002500000000000000,-3.1008,-3.10077519,180.0,timeout,3.00,3.00,bear,,,,2026-06-16 17:52:09.302653+00:00,2026-06-16 17:55:09.304219+00:00,0.0000,-4.3798
E58v2-27,PAL,0.000892600000000000,0.000859700000000000,-3.6859,-3.68586153,180.0,timer_recovery,3.00,3.00,bear,,,,2026-06-16 18:54:19.313608+00:00,2026-06-16 19:00:39.797563+00:00,,
E58v2-27,LVR,13.767700000000000000,13.259900000000000000,-3.6883,-3.68834301,180.0,trailing_stop,3.00,3.00,bear,,,,2026-06-16 18:34:16.302241+00:00,2026-06-16 18:34:46.282570+00:00,3.9418,-3.6883
E58v2-27,FARTBOY,0.012148000000000000,0.011663000000000000,-3.9924,-3.99242674,180.0,timeout,3.00,3.00,bear,,,,2026-06-16 18:05:44.342999+00:00,2026-06-16 18:08:44.344512+00:00,0.0000,-4.2723
E58v2-27,LVR,12.399600000000000000,11.897700000000000000,-4.0477,-4.04771122,180.0,timeout,3.00,3.00,bear,,,,2026-06-16 17:50:41.304296+00:00,2026-06-16 17:53:41.306219+00:00,0.0000,-5.7091
E58v2-27,SAL,0.021470000000000000,0.020560000000000000,-4.2385,-4.23847229,180.0,timeout,3.00,3.00,bear,,,,2026-06-16 18:31:55.298649+00:00,2026-06-16 18:34:55.300403+00:00,0.0000,-4.2385
E58v2-27,VIM,0.000230000000000000,0.000220000000000000,-4.3478,-4.34782609,180.0,timeout,3.00,3.00,bear,,,,2026-06-16 17:49:13.304513+00:00,2026-06-16 17:52:13.306241+00:00,0.0000,-4.3478
E58v2-27,PHYCHAIN,0.361100000000000000,0.344700000000000000,-4.5417,-4.54167821,180.0,trailing_stop,3.00,3.00,bear,,,,2026-06-16 18:39:05.282708+00:00,2026-06-16 18:40:32.246752+00:00,2.3539,-4.5417
E58v2-27,TOYL,2.172300000000000000,2.070100000000000000,-4.7047,-4.70469088,180.0,timeout,3.00,3.00,bear,,,,2026-06-16 17:32:41.233835+00:00,2026-06-16 17:35:41.235892+00:00,0.0000,-6.5184
E58v2-27,CS,2.343600000000000000,2.221500000000000000,-5.2099,-5.20993344,180.0,timeout,3.00,3.00,bear,,,,2026-06-16 17:44:41.347789+00:00,2026-06-16 17:47:41.350147+00:00,0.0000,-5.6580
E58v2-27,DVERSE,0.000126800000000000,0.000120000000000000,-5.3628,-5.36277603,180.0,timeout,3.00,3.00,bear,,,,2026-06-16 17:38:04.325018+00:00,2026-06-16 17:41:04.359918+00:00,0.0000,-5.3628
E58v2-27,SHOT,0.615520000000000000,0.581400000000000000,-5.5433,-5.54328048,180.0,timeout,3.00,3.00,bear,,,,2026-06-16 18:18:22.395755+00:00,2026-06-16 18:21:22.397777+00:00,0.0000,-6.2874
E58v2-27,PAL,0.000890500000000000,0.000841100000000000,-5.5474,-5.54744526,180.0,timeout,3.00,3.00,bear,,,,2026-06-16 17:43:46.327069+00:00,2026-06-16 17:46:46.329625+00:00,0.0000,-6.0079
E58v2-27,SAL,0.023000000000000000,0.021650000000000000,-5.8696,-5.86956522,180.0,timeout,3.00,3.00,bear,,,,2026-06-16 17:53:26.349888+00:00,2026-06-16 17:56:26.352106+00:00,0.0000,-6.7826
E58v2-27,UBOX,0.000082000000000000,0.000077000000000000,-6.0976,-6.09756098,180.0,timeout,3.00,3.00,bear,,,,2026-06-16 18:40:44.268718+00:00,2026-06-16 18:41:53.721691+00:00,0.0000,-6.0976
E58v2-27,UBOX,0.000079000000000000,0.000074000000000000,-6.3291,-6.32911392,180.0,trailing_stop,3.00,3.00,bear,,,,2026-06-16 18:19:56.318608+00:00,2026-06-16 18:20:18.394711+00:00,2.5316,-6.3291
E58v2-27,RBT,29.870000000000000000,27.890000000000000000,-6.6287,-6.62872447,180.0,timeout,3.00,3.00,bear,,,,2026-06-16 17:46:31.370567+00:00,2026-06-16 17:49:31.372274+00:00,0.0000,-6.6287
E58v2-27,XT,0.000831600000000000,0.000770000000000000,-7.4074,-7.40740741,180.0,stop_loss,3.00,3.00,bear,,,,2026-06-16 17:51:04.387481+00:00,2026-06-16 17:51:41.285510+00:00,0.0000,-7.4074
E58v2-27,DOGEUS,0.002150800000000000,0.001990000000000000,-7.4763,-7.47628789,180.0,stop_loss,3.00,3.00,bear,,,,2026-06-16 17:39:13.392337+00:00,2026-06-16 17:39:14.349271+00:00,0.0000,-7.4763
E58v2-27,SHOT,0.756000000000000000,0.698150000000000000,-7.6521,-7.65211640,180.0,stop_loss,3.00,3.00,bear,0.1405,56.32,0.0,2026-06-16 18:59:40.219102+00:00,2026-06-16 19:00:56.203469+00:00,0.0013,-7.6521
E58v2-27,OBI,0.000165200000000000,0.000151000000000000,-8.5956,-8.59564165,180.0,trailing_stop,3.00,3.00,bear,,,,2026-06-16 18:00:37.312258+00:00,2026-06-16 18:01:46.318330+00:00,3.3898,-8.5956
E58v2-27,UBOX,0.000079000000000000,0.000072000000000000,-8.8608,-8.86075949,180.0,stop_loss,3.00,3.00,bear,,,,2026-06-16 18:36:08.334894+00:00,2026-06-16 18:37:23.318337+00:00,0.0000,-8.8608
E58v2-27,OZONE,10.500000000000000000,8.600000000000000000,-18.0952,-18.09523810,180.0,stop_loss,3.00,3.00,bear,0.1405,56.32,0.0,2026-06-16 18:56:27.367626+00:00,2026-06-16 18:59:21.308793+00:00,0.0000,-18.0952
E58v2-27,AIPO,0.001488000000000000,0.001200000000000000,-19.3548,-19.35483871,180.0,stop_loss,3.00,3.00,bear,,,,2026-06-16 17:37:23.365981+00:00,2026-06-16 17:37:30.371957+00:00,0.0000,-19.3548
E58v2-27,CSIGMA,0.039990000000000000,0.032000000000000000,-19.9800,-19.97999500,180.0,stop_loss,3.00,3.00,bear,,,,2026-06-16 18:43:45.305767+00:00,2026-06-16 18:44:46.284919+00:00,0.0000,-19.9800
E58v2-3,OZONE,5.600000000000000000,9.000000000000000000,60.7143,60.71428571,180.0,trailing_stop,2.00,3.00,bear,,,,2026-06-16 17:32:14.291829+00:00,2026-06-16 17:33:04.328494+00:00,75.0000,0.0000
E58v2-3,CSIGMA,0.085550000000000000,0.122000000000000000,42.6067,42.60666277,180.0,trailing_stop,2.00,3.00,bear,,,,2026-06-16 17:49:24.249237+00:00,2026-06-16 17:52:10.267296+00:00,54.9386,0.0000
E58v2-3,OZONE,23.000000000000000000,32.000000000000000000,39.1304,39.13043478,180.0,trailing_stop,2.00,3.00,bear,,,,2026-06-16 17:59:44.288622+00:00,2026-06-16 18:00:43.309234+00:00,52.1739,0.0000
E58v2-3,CSIGMA,0.024000000000000000,0.030400000000000000,26.6667,26.66666667,180.0,trailing_stop,2.00,3.00,bear,,,,2026-06-16 18:47:42.588837+00:00,2026-06-16 18:50:07.254609+00:00,62.5000,0.0000
E58v2-3,XT,0.000598000000000000,0.000690800000000000,15.5184,15.51839465,180.0,trailing_stop,2.00,3.00,bear,,,,2026-06-16 17:34:50.280962+00:00,2026-06-16 17:35:50.291164+00:00,27.0903,0.0000
E58v2-3,STRM,0.000414100000000000,0.000451600000000000,9.0558,9.05578363,180.0,timeout,2.00,3.00,bear,,,,2026-06-16 17:51:51.350915+00:00,2026-06-16 17:54:51.352601+00:00,12.3400,0.0000
E58v2-3,DVERSE,0.000123800000000000,0.000133000000000000,7.4313,7.43134087,180.0,timeout,2.00,3.00,bear,,,,2026-06-16 18:50:01.255423+00:00,2026-06-16 18:53:01.257454+00:00,7.4313,0.0000
E58v2-3,CS,2.275400000000000000,2.440000000000000000,7.2339,7.23389294,180.0,trailing_stop,2.00,3.00,bear,,,,2026-06-16 18:15:56.335412+00:00,2026-06-16 18:16:11.313483+00:00,12.5077,-2.7028
E58v2-3,ESPORTS,0.129290000000000000,0.137190000000000000,6.1103,6.11029469,180.0,timeout,2.00,3.00,bear,0.1405,56.32,0.0,2026-06-16 19:08:18.274197+00:00,2026-06-16 19:11:18.279784+00:00,7.2009,-2.5833
E58v2-3,UBOX,0.000074000000000000,0.000078000000000000,5.4054,5.40540541,180.0,timeout,2.00,3.00,bear,,,,2026-06-16 17:40:47.281570+00:00,2026-06-16 17:43:47.286237+00:00,5.4054,0.0000
E58v2-3,RICH,0.000206800000000000,0.000217500000000000,5.1741,5.17408124,180.0,timer_recovery,2.00,3.00,bear,,,,2026-06-16 18:53:05.297758+00:00,2026-06-16 18:59:09.665795+00:00,,
E58v2-3,VIM,0.000230000000000000,0.000240000000000000,4.3478,4.34782609,180.0,timeout,2.00,3.00,bear,,,,2026-06-16 18:06:14.307422+00:00,2026-06-16 18:09:14.308743+00:00,4.3478,0.0000
E58v2-3,SHOT,0.714080000000000000,0.745000000000000000,4.3300,4.33004705,180.0,trailing_stop,2.00,3.00,bear,,,,2026-06-16 18:47:48.286380+00:00,2026-06-16 18:48:17.274278+00:00,14.5670,-0.0056
E58v2-3,VIM,0.000240000000000000,0.000250000000000000,4.1667,4.16666667,180.0,timeout,2.00,3.00,bear,,,,2026-06-16 18:27:52.297621+00:00,2026-06-16 18:30:52.300378+00:00,4.1667,0.0000
E58v2-3,XT,0.000749700000000000,0.000779800000000000,4.0149,4.01493931,180.0,timeout,2.00,3.00,bear,,,,2026-06-16 17:43:31.222848+00:00,2026-06-16 17:46:31.224518+00:00,4.0149,-3.9883
E58v2-3,SHOT,0.540000000000000000,0.561630000000000000,4.0056,4.00555556,180.0,timeout,2.00,3.00,bear,,,,2026-06-16 17:59:14.236383+00:00,2026-06-16 18:02:14.238793+00:00,5.2944,-0.7185
E58v2-3,XT,0.000733800000000000,0.000756100000000000,3.0390,3.03897520,180.0,timeout,2.00,3.00,bear,,,,2026-06-16 17:57:59.315945+00:00,2026-06-16 18:00:59.318675+00:00,3.1071,-4.4017
E58v2-3,BSA,0.001300000000000000,0.001333000000000000,2.5385,2.53846154,180.0,timeout,2.00,3.00,bear,0.1405,56.32,0.0,2026-06-16 19:04:23.310176+00:00,2026-06-16 19:07:23.311956+00:00,2.5385,-0.7692
E58v2-3,XP8,0.000880000000000000,0.000900000000000000,2.2727,2.27272727,180.0,timeout,2.00,3.00,bear,,,,2026-06-16 18:14:32.308365+00:00,2026-06-16 18:17:32.310894+00:00,2.2727,0.0000
E58v2-3,DEVVE,0.018600000000000000,0.018950000000000000,1.8817,1.88172043,180.0,timeout,2.00,3.00,bear,,,,2026-06-16 17:38:58.236396+00:00,2026-06-16 17:41:58.239539+00:00,2.0968,-3.9785
E58v2-3,CHEQ,0.003161000000000000,0.003213000000000000,1.6450,1.64504904,180.0,timeout,2.00,3.00,bear,0.1405,56.32,0.0,2026-06-16 19:06:25.348407+00:00,2026-06-16 19:09:25.350653+00:00,1.6450,-4.7770
E58v2-3,SPELL,0.000149900000000000,0.000152300000000000,1.6011,1.60106738,180.0,timer_recovery,2.00,3.00,bear,,,,2026-06-16 18:53:31.334852+00:00,2026-06-16 18:59:39.698782+00:00,,
E58v2-3,XNA,0.000041030000000000,0.000041590000000000,1.3649,1.36485498,180.0,timeout,2.00,3.00,bear,,,,2026-06-16 17:55:34.340555+00:00,2026-06-16 17:58:34.342490+00:00,3.8996,-4.8501
E58v2-3,XNA,0.000043910000000000,0.000044460000000000,1.2526,1.25256206,180.0,timeout,2.00,3.00,bear,,,,2026-06-16 18:05:20.335683+00:00,2026-06-16 18:08:20.337270+00:00,2.5507,-1.9813
E58v2-3,XRPHAI,0.008380000000000000,0.008470000000000000,1.0740,1.07398568,180.0,trailing_stop,2.00,3.00,bear,,,,2026-06-16 18:07:55.304026+00:00,2026-06-16 18:08:03.694319+00:00,7.8759,0.0000
E58v2-3,LVR,12.900000000000000000,13.003600000000000000,0.8031,0.80310078,180.0,trailing_stop,2.00,3.00,bear,,,,2026-06-16 18:29:22.292819+00:00,2026-06-16 18:29:49.280144+00:00,5.4264,-0.3992
E58v2-3,DOGEUS,0.002024200000000000,0.002038200000000000,0.6916,0.69163126,180.0,timeout,2.00,3.00,bear,,,,2026-06-16 17:33:29.281166+00:00,2026-06-16 17:33:52.379036+00:00,2.1885,-1.8081
E58v2-3,DOGEUS,0.001920000000000000,0.001927100000000000,0.3698,0.36979167,180.0,trailing_stop,2.00,3.00,bear,,,,2026-06-16 17:30:52.375966+00:00,2026-06-16 17:31:40.299041+00:00,4.6406,-2.1823
E58v2-3,SNS,0.000935300000000000,0.000937400000000000,0.2245,0.22452689,180.0,timeout,2.00,3.00,bear,,,,2026-06-16 18:43:29.382921+00:00,2026-06-16 18:46:29.387245+00:00,0.2245,0.0000
E58v2-3,LVR,13.917600000000000000,13.945400000000000000,0.1997,0.19974708,180.0,trailing_stop,2.00,3.00,bear,,,,2026-06-16 18:32:23.315679+00:00,2026-06-16 18:33:07.289313+00:00,4.8960,-6.4393
E58v2-3,RAVE,0.333200000000000000,0.333200000000000000,0.0000,0E-8,180.0,timeout,2.00,3.00,bear,0.1405,56.32,0.0,2026-06-16 18:58:11.284790+00:00,2026-06-16 19:01:11.291450+00:00,0.0000,0.0000
E58v2-3,QLINDO,0.000759900000000000,0.000759900000000000,0.0000,0E-8,180.0,timeout,2.00,3.00,bear,,,,2026-06-16 17:35:17.449255+00:00,2026-06-16 17:38:17.450802+00:00,0.0000,0.0000
E58v2-3,TUP,0.002300000000000000,0.002300000000000000,0.0000,0E-8,180.0,timeout,2.00,3.00,bear,,,,2026-06-16 17:31:57.366093+00:00,2026-06-16 17:34:57.368778+00:00,0.0000,0.0000
E58v2-3,LVVA,0.000244800000000000,0.000244800000000000,0.0000,0E-8,180.0,timeout,2.00,3.00,bear,,,,2026-06-16 17:43:04.525288+00:00,2026-06-16 17:46:04.527872+00:00,0.0000,0.0000
E58v2-3,BOBO,0.007856000000000000,0.007856000000000000,0.0000,0E-8,180.0,timeout,2.00,3.00,bear,,,,2026-06-16 17:43:04.341342+00:00,2026-06-16 17:46:04.343699+00:00,0.0000,0.0000
E58v2-3,NDC,0.000321000000000000,0.000321000000000000,0.0000,0E-8,180.0,timeout,2.00,3.00,bear,,,,2026-06-16 17:48:29.425799+00:00,2026-06-16 17:51:29.429351+00:00,0.0000,-5.9190
E58v2-3,UBOX,0.000077000000000000,0.000077000000000000,0.0000,0E-8,180.0,timeout,2.00,3.00,bear,,,,2026-06-16 18:38:53.416250+00:00,2026-06-16 18:39:08.298607+00:00,0.0000,0.0000
E58v2-3,ANT,0.000011579000000000,0.000011579000000000,0.0000,0E-8,180.0,timeout,2.00,3.00,bear,,,,2026-06-16 18:19:15.301146+00:00,2026-06-16 18:22:15.303334+00:00,0.0000,0.0000
E58v2-3,ALVA,0.011770000000000000,0.011770000000000000,0.0000,0E-8,180.0,timeout,2.00,3.00,bear,,,,2026-06-16 18:14:27.366289+00:00,2026-06-16 18:17:27.367503+00:00,0.0000,0.0000
E58v2-3,RAVE,0.333100000000000000,0.333100000000000000,0.0000,0E-8,180.0,timeout,2.00,3.00,bear,,,,2026-06-16 18:41:40.296857+00:00,2026-06-16 18:44:40.300400+00:00,0.0000,0.0000
E58v2-3,VIM,0.000240000000000000,0.000240000000000000,0.0000,0E-8,180.0,timeout,2.00,3.00,bear,,,,2026-06-16 18:42:31.366033+00:00,2026-06-16 18:45:31.368929+00:00,0.0000,0.0000
E58v2-3,OZONE,12.643000000000000000,12.643000000000000000,0.0000,0E-8,180.0,timeout,2.00,3.00,bear,,,,2026-06-16 18:49:05.501025+00:00,2026-06-16 18:52:05.503152+00:00,0.0000,0.0000
E58v2-3,EON,0.003756000000000000,0.003756000000000000,0.0000,0E-8,180.0,timeout,2.00,3.00,bear,0.1405,56.32,0.0,2026-06-16 19:10:24.566382+00:00,2026-06-16 19:13:24.568307+00:00,0.0000,0.0000
E58v2-3,FAVE,0.055190000000000000,0.055190000000000000,0.0000,0E-8,180.0,timeout,2.00,3.00,bear,0.1405,56.32,0.0,2026-06-16 18:59:22.286834+00:00,2026-06-16 19:02:22.290478+00:00,0.0000,0.0000
E58v2-3,VIM,0.000250000000000000,0.000250000000000000,0.0000,0E-8,180.0,timeout,2.00,3.00,bear,0.1405,56.32,0.0,2026-06-16 18:59:51.276853+00:00,2026-06-16 19:02:51.289292+00:00,0.0000,0.0000
E58v2-3,DVERSE,0.000127700000000000,0.000127700000000000,0.0000,0E-8,180.0,timeout,2.00,3.00,bear,0.1405,56.32,0.0,2026-06-16 19:01:55.256467+00:00,2026-06-16 19:04:55.270534+00:00,0.0000,0.0000
E58v2-3,AIC,0.016834000000000000,0.016814000000000000,-0.1188,-0.11880718,180.0,timeout,2.00,3.00,bear,,,,2026-06-16 17:50:43.365439+00:00,2026-06-16 17:53:43.368251+00:00,0.0000,-0.1485
E58v2-3,TRT,0.030200000000000000,0.030100000000000000,-0.3311,-0.33112583,180.0,timeout,2.00,3.00,bear,,,,2026-06-16 17:39:11.314984+00:00,2026-06-16 17:42:11.317482+00:00,0.0000,-5.6291
E58v2-3,PXP,0.021020000000000000,0.020950000000000000,-0.3330,-0.33301618,180.0,timeout,2.00,3.00,bear,,,,2026-06-16 17:31:02.576028+00:00,2026-06-16 17:34:02.578456+00:00,0.0000,-0.4282
E58v2-3,VRA,0.000010002000000000,0.000009963000000000,-0.3899,-0.38992202,180.0,timeout,2.00,3.00,bear,,,,2026-06-16 18:32:18.331286+00:00,2026-06-16 18:35:18.333514+00:00,0.6899,-0.4899
E58v2-3,TARA,0.000032120000000000,0.000031940000000000,-0.5604,-0.56039851,180.0,timeout,2.00,3.00,bear,,,,2026-06-16 17:45:06.276604+00:00,2026-06-16 17:48:06.278113+00:00,0.2491,-0.5604
E58v2-3,LVR,12.800000000000000000,12.720900000000000000,-0.6180,-0.61796875,180.0,timeout,2.00,3.00,bear,,,,2026-06-16 18:19:01.333248+00:00,2026-06-16 18:22:01.334767+00:00,0.0000,-2.3578
E58v2-3,SENS,0.000055500000000000,0.000055100000000000,-0.7207,-0.72072072,180.0,timeout,2.00,3.00,bear,,,,2026-06-16 17:37:55.336465+00:00,2026-06-16 17:40:55.338477+00:00,0.0000,-3.9640
E58v2-3,CLAWBANK,0.000013722000000000,0.000013619000000000,-0.7506,-0.75061944,180.0,timeout,2.00,3.00,bear,,,,2026-06-16 17:45:50.242655+00:00,2026-06-16 17:48:50.244021+00:00,2.0697,-0.8454
E58v2-3,BSB,0.522820000000000000,0.518870000000000000,-0.7555,-0.75551815,180.0,timeout,2.00,3.00,bear,0.1405,56.32,0.0,2026-06-16 19:08:50.298029+00:00,2026-06-16 19:11:50.302361+00:00,0.9257,-2.1671
E58v2-3,SER,0.000058900000000000,0.000058400000000000,-0.8489,-0.84889643,180.0,timeout,2.00,3.00,bear,,,,2026-06-16 18:34:48.290443+00:00,2026-06-16 18:37:48.291954+00:00,0.0000,-0.8489
E58v2-3,ON,0.092810000000000000,0.091960000000000000,-0.9158,-0.91584959,180.0,trailing_stop,2.00,3.00,bear,,,,2026-06-16 17:35:57.299643+00:00,2026-06-16 17:36:04.286256+00:00,4.8809,-0.9158
E58v2-3,BOS,0.000096000000000000,0.000095000000000000,-1.0417,-1.04166667,180.0,trailing_stop,2.00,3.00,bear,0.1405,56.32,0.0,2026-06-16 19:12:28.379955+00:00,2026-06-16 19:12:44.226651+00:00,4.1667,-1.0417
E58v2-3,LKY,0.069290000000000000,0.068500000000000000,-1.1401,-1.14013566,180.0,timeout,2.00,3.00,bear,,,,2026-06-16 18:12:19.289132+00:00,2026-06-16 18:15:19.292998+00:00,1.2267,-3.1029
E58v2-3,CS,2.414000000000000000,2.383600000000000000,-1.2593,-1.25932063,180.0,trailing_stop,2.00,3.00,bear,0.1405,56.32,0.0,2026-06-16 19:08:58.329292+00:00,2026-06-16 19:11:01.287783+00:00,3.9768,-1.2593
E58v2-3,GAIN,0.001466600000000000,0.001443900000000000,-1.5478,-1.54779763,180.0,trailing_stop,2.00,3.00,bear,,,,2026-06-16 17:33:02.267337+00:00,2026-06-16 17:33:23.274664+00:00,3.0070,-1.5478
E58v2-3,OZONE,10.500000000000000000,10.332000000000000000,-1.6000,-1.60000000,180.0,trailing_stop,2.00,3.00,bear,,,,2026-06-16 18:44:50.291105+00:00,2026-06-16 18:45:50.288657+00:00,5.4286,-5.1143
E58v2-3,CLAWBANK,0.000014388000000000,0.000014139000000000,-1.7306,-1.73060884,180.0,timeout,2.00,3.00,bear,,,,2026-06-16 18:29:51.235421+00:00,2026-06-16 18:32:51.240027+00:00,0.0000,-1.7376
E58v2-3,UNION,0.000350000000000000,0.000343200000000000,-1.9429,-1.94285714,180.0,timeout,2.00,3.00,bear,,,,2026-06-16 17:58:28.324134+00:00,2026-06-16 18:01:28.328364+00:00,0.0000,-2.0286
E58v2-3,HOOLI,0.000444800000000000,0.000435300000000000,-2.1358,-2.13579137,180.0,timeout,2.00,3.00,bear,0.1405,56.32,0.0,2026-06-16 18:57:52.241454+00:00,2026-06-16 19:00:52.243152+00:00,0.0000,-2.6079
E58v2-3,PEACE,0.000022440000000000,0.000021920000000000,-2.3173,-2.31729055,180.0,timeout,2.00,3.00,bear,0.1405,56.32,0.0,2026-06-16 19:02:57.325880+00:00,2026-06-16 19:05:57.327502+00:00,0.0000,-3.9216
E58v2-3,XT,0.000720000000000000,0.000702900000000000,-2.3750,-2.37500000,180.0,trailing_stop,2.00,3.00,bear,,,,2026-06-16 17:37:29.274600+00:00,2026-06-16 17:37:47.261440+00:00,5.5417,-2.3750
E58v2-3,PEPECOIN,0.062900000000000000,0.061380000000000000,-2.4165,-2.41653418,180.0,timeout,2.00,3.00,bear,0.1405,56.32,0.0,2026-06-16 19:07:08.364173+00:00,2026-06-16 19:10:08.367112+00:00,1.5580,-3.5453
E58v2-3,XT,0.000742100000000000,0.000720700000000000,-2.8837,-2.88370840,180.0,trailing_stop,2.00,3.00,bear,0.1405,56.32,0.0,2026-06-16 19:09:16.303305+00:00,2026-06-16 19:10:12.197237+00:00,2.0752,-2.8837
E58v2-3,RIZE,0.002580000000000000,0.002500000000000000,-3.1008,-3.10077519,180.0,timeout,2.00,3.00,bear,,,,2026-06-16 17:52:09.292685+00:00,2026-06-16 17:55:09.294874+00:00,0.0000,-4.3798
E58v2-3,HOOLI,0.000453100000000000,0.000437200000000000,-3.5092,-3.50915913,180.0,timeout,2.00,3.00,bear,,,,2026-06-16 18:42:02.376562+00:00,2026-06-16 18:45:02.378237+00:00,0.7725,-3.5092
E58v2-3,PAL,0.000892600000000000,0.000859700000000000,-3.6859,-3.68586153,180.0,timer_recovery,2.00,3.00,bear,,,,2026-06-16 18:54:19.301472+00:00,2026-06-16 19:00:39.794104+00:00,,
E58v2-3,LVR,13.767700000000000000,13.259900000000000000,-3.6883,-3.68834301,180.0,trailing_stop,2.00,3.00,bear,,,,2026-06-16 18:34:16.280118+00:00,2026-06-16 18:34:46.274330+00:00,3.9418,-3.6883
E58v2-3,FARTBOY,0.012148000000000000,0.011663000000000000,-3.9924,-3.99242674,180.0,timeout,2.00,3.00,bear,,,,2026-06-16 18:05:44.329058+00:00,2026-06-16 18:08:44.331029+00:00,0.0000,-4.2723
E58v2-3,LVR,12.399600000000000000,11.897700000000000000,-4.0477,-4.04771122,180.0,timeout,2.00,3.00,bear,,,,2026-06-16 17:50:41.290772+00:00,2026-06-16 17:53:41.292629+00:00,0.0000,-5.7091
E58v2-3,SAL,0.021470000000000000,0.020560000000000000,-4.2385,-4.23847229,180.0,timeout,2.00,3.00,bear,,,,2026-06-16 18:31:55.289596+00:00,2026-06-16 18:34:55.293537+00:00,0.0000,-4.2385
E58v2-3,VIM,0.000230000000000000,0.000220000000000000,-4.3478,-4.34782609,180.0,timeout,2.00,3.00,bear,,,,2026-06-16 17:49:13.294297+00:00,2026-06-16 17:52:13.296038+00:00,0.0000,-4.3478
E58v2-3,PHYCHAIN,0.361100000000000000,0.344700000000000000,-4.5417,-4.54167821,180.0,trailing_stop,2.00,3.00,bear,,,,2026-06-16 18:39:05.276596+00:00,2026-06-16 18:40:32.236209+00:00,2.3539,-4.5417
E58v2-3,TOYL,2.172300000000000000,2.070100000000000000,-4.7047,-4.70469088,180.0,timeout,2.00,3.00,bear,,,,2026-06-16 17:32:41.221418+00:00,2026-06-16 17:35:41.224034+00:00,0.0000,-6.5184
E58v2-3,CS,2.343600000000000000,2.221500000000000000,-5.2099,-5.20993344,180.0,timeout,2.00,3.00,bear,,,,2026-06-16 17:44:41.332806+00:00,2026-06-16 17:47:41.335516+00:00,0.0000,-5.6580
E58v2-3,DVERSE,0.000126800000000000,0.000120000000000000,-5.3628,-5.36277603,180.0,timeout,2.00,3.00,bear,,,,2026-06-16 17:38:04.312655+00:00,2026-06-16 17:41:04.319647+00:00,0.0000,-5.3628
E58v2-3,SHOT,0.615520000000000000,0.581400000000000000,-5.5433,-5.54328048,180.0,timeout,2.00,3.00,bear,,,,2026-06-16 18:18:22.351293+00:00,2026-06-16 18:21:22.352551+00:00,0.0000,-6.2874
E58v2-3,PAL,0.000890500000000000,0.000841100000000000,-5.5474,-5.54744526,180.0,timeout,2.00,3.00,bear,,,,2026-06-16 17:43:46.290823+00:00,2026-06-16 17:46:46.292664+00:00,0.0000,-6.0079
E58v2-3,SAL,0.023000000000000000,0.021650000000000000,-5.8696,-5.86956522,180.0,timeout,2.00,3.00,bear,,,,2026-06-16 17:53:26.320581+00:00,2026-06-16 17:56:26.322999+00:00,0.0000,-6.7826
E58v2-3,UBOX,0.000082000000000000,0.000077000000000000,-6.0976,-6.09756098,180.0,timeout,2.00,3.00,bear,,,,2026-06-16 18:40:44.260521+00:00,2026-06-16 18:41:53.433694+00:00,0.0000,-6.0976
E58v2-3,UBOX,0.000079000000000000,0.000074000000000000,-6.3291,-6.32911392,180.0,trailing_stop,2.00,3.00,bear,,,,2026-06-16 18:19:56.295350+00:00,2026-06-16 18:20:18.380900+00:00,2.5316,-6.3291
E58v2-3,RBT,29.870000000000000000,27.890000000000000000,-6.6287,-6.62872447,180.0,timeout,2.00,3.00,bear,,,,2026-06-16 17:46:31.341521+00:00,2026-06-16 17:49:31.343089+00:00,0.0000,-6.6287
E58v2-3,XT,0.000831600000000000,0.000770000000000000,-7.4074,-7.40740741,180.0,stop_loss,2.00,3.00,bear,,,,2026-06-16 17:51:04.354010+00:00,2026-06-16 17:51:41.270206+00:00,0.0000,-7.4074
E58v2-3,DOGEUS,0.002150800000000000,0.001990000000000000,-7.4763,-7.47628789,180.0,stop_loss,2.00,3.00,bear,,,,2026-06-16 17:39:13.359486+00:00,2026-06-16 17:39:14.327872+00:00,0.0000,-7.4763
E58v2-3,SHOT,0.744660000000000000,0.686660000000000000,-7.7888,-7.78878951,180.0,stop_loss,2.00,3.00,bear,0.1405,56.32,0.0,2026-06-16 18:59:39.282412+00:00,2026-06-16 19:01:01.213695+00:00,1.5242,-7.7888
E58v2-3,OBI,0.000165200000000000,0.000151000000000000,-8.5956,-8.59564165,180.0,trailing_stop,2.00,3.00,bear,,,,2026-06-16 18:00:37.292815+00:00,2026-06-16 18:01:46.305652+00:00,3.3898,-8.5956
E58v2-3,UBOX,0.000079000000000000,0.000072000000000000,-8.8608,-8.86075949,180.0,stop_loss,2.00,3.00,bear,,,,2026-06-16 18:36:08.290192+00:00,2026-06-16 18:37:23.304161+00:00,0.0000,-8.8608
E58v2-3,OZONE,10.500000000000000000,8.600000000000000000,-18.0952,-18.09523810,180.0,stop_loss,2.00,3.00,bear,0.1405,56.32,0.0,2026-06-16 18:56:27.309804+00:00,2026-06-16 18:59:21.301218+00:00,0.0000,-18.0952
E58v2-3,AIPO,0.001488000000000000,0.001200000000000000,-19.3548,-19.35483871,180.0,stop_loss,2.00,3.00,bear,,,,2026-06-16 17:37:23.346687+00:00,2026-06-16 17:37:30.349975+00:00,0.0000,-19.3548
E58v2-3,CSIGMA,0.039990000000000000,0.032000000000000000,-19.9800,-19.97999500,180.0,stop_loss,2.00,3.00,bear,,,,2026-06-16 18:43:45.289420+00:00,2026-06-16 18:44:46.266099+00:00,0.0000,-19.9800
E58v2-30,OZONE,5.600000000000000000,9.000000000000000000,60.7143,60.71428571,180.0,trailing_stop,3.00,3.00,bear,,,,2026-06-16 17:32:14.356975+00:00,2026-06-16 17:33:04.362511+00:00,75.0000,0.0000
E58v2-30,OZONE,23.000000000000000000,32.000000000000000000,39.1304,39.13043478,180.0,trailing_stop,3.00,3.00,bear,,,,2026-06-16 17:59:44.311809+00:00,2026-06-16 18:00:43.320805+00:00,52.1739,0.0000
E58v2-30,CSIGMA,0.090000000000000000,0.122000000000000000,35.5556,35.55555556,180.0,trailing_stop,3.00,3.00,bear,,,,2026-06-16 17:49:33.274370+00:00,2026-06-16 17:52:10.275810+00:00,47.2778,0.0000
E58v2-30,CSIGMA,0.024000000000000000,0.030400000000000000,26.6667,26.66666667,180.0,trailing_stop,3.00,3.00,bear,,,,2026-06-16 18:47:42.656650+00:00,2026-06-16 18:50:07.267301+00:00,62.5000,0.0000
E58v2-30,XT,0.000598000000000000,0.000690800000000000,15.5184,15.51839465,180.0,trailing_stop,3.00,3.00,bear,,,,2026-06-16 17:34:50.307852+00:00,2026-06-16 17:35:50.295033+00:00,27.0903,0.0000
E58v2-30,STRM,0.000414100000000000,0.000451600000000000,9.0558,9.05578363,180.0,timeout,3.00,3.00,bear,,,,2026-06-16 17:51:51.387560+00:00,2026-06-16 17:54:51.390366+00:00,12.3400,0.0000
E58v2-30,DVERSE,0.000123800000000000,0.000133000000000000,7.4313,7.43134087,180.0,timeout,3.00,3.00,bear,,,,2026-06-16 18:50:01.290255+00:00,2026-06-16 18:53:01.296294+00:00,7.4313,0.0000
E58v2-30,CS,2.275400000000000000,2.440000000000000000,7.2339,7.23389294,180.0,trailing_stop,3.00,3.00,bear,,,,2026-06-16 18:15:56.352388+00:00,2026-06-16 18:16:11.322380+00:00,12.5077,-2.7028
E58v2-30,ESPORTS,0.129290000000000000,0.137190000000000000,6.1103,6.11029469,180.0,timeout,3.00,3.00,bear,0.1405,56.32,0.0,2026-06-16 19:08:18.293466+00:00,2026-06-16 19:11:18.295114+00:00,7.2009,-2.5833
E58v2-30,UBOX,0.000074000000000000,0.000078000000000000,5.4054,5.40540541,180.0,timeout,3.00,3.00,bear,,,,2026-06-16 17:40:47.301792+00:00,2026-06-16 17:43:47.322446+00:00,5.4054,0.0000
E58v2-30,RICH,0.000206800000000000,0.000217500000000000,5.1741,5.17408124,180.0,timer_recovery,3.00,3.00,bear,,,,2026-06-16 18:53:05.311508+00:00,2026-06-16 18:59:09.668151+00:00,,
E58v2-30,VIM,0.000230000000000000,0.000240000000000000,4.3478,4.34782609,180.0,timeout,3.00,3.00,bear,,,,2026-06-16 18:06:14.318236+00:00,2026-06-16 18:09:14.319243+00:00,4.3478,0.0000
E58v2-30,SHOT,0.714080000000000000,0.745000000000000000,4.3300,4.33004705,180.0,trailing_stop,3.00,3.00,bear,,,,2026-06-16 18:47:48.317817+00:00,2026-06-16 18:48:17.287827+00:00,14.5670,-0.0056
E58v2-30,VIM,0.000240000000000000,0.000250000000000000,4.1667,4.16666667,180.0,timeout,3.00,3.00,bear,,,,2026-06-16 18:27:52.321821+00:00,2026-06-16 18:30:52.323771+00:00,4.1667,0.0000
E58v2-30,XT,0.000749700000000000,0.000779800000000000,4.0149,4.01493931,180.0,timeout,3.00,3.00,bear,,,,2026-06-16 17:43:31.242997+00:00,2026-06-16 17:46:31.245075+00:00,4.0149,-3.9883
E58v2-30,SHOT,0.540000000000000000,0.561630000000000000,4.0056,4.00555556,180.0,timeout,3.00,3.00,bear,,,,2026-06-16 17:59:14.264611+00:00,2026-06-16 18:02:14.266946+00:00,5.2944,-0.7185
E58v2-30,XT,0.000733800000000000,0.000756100000000000,3.0390,3.03897520,180.0,timeout,3.00,3.00,bear,,,,2026-06-16 17:57:59.347896+00:00,2026-06-16 18:00:59.349705+00:00,3.1071,-4.4017
E58v2-30,BSA,0.001300000000000000,0.001333000000000000,2.5385,2.53846154,180.0,timeout,3.00,3.00,bear,0.1405,56.32,0.0,2026-06-16 19:04:23.331846+00:00,2026-06-16 19:07:23.333540+00:00,2.5385,-0.7692
E58v2-30,XP8,0.000880000000000000,0.000900000000000000,2.2727,2.27272727,180.0,timeout,3.00,3.00,bear,,,,2026-06-16 18:14:32.392431+00:00,2026-06-16 18:17:32.394742+00:00,2.2727,0.0000
E58v2-30,DEVVE,0.018600000000000000,0.018950000000000000,1.8817,1.88172043,180.0,timeout,3.00,3.00,bear,,,,2026-06-16 17:38:58.249430+00:00,2026-06-16 17:41:58.250707+00:00,2.0968,-3.9785
E58v2-30,CHEQ,0.003161000000000000,0.003213000000000000,1.6450,1.64504904,180.0,timeout,3.00,3.00,bear,0.1405,56.32,0.0,2026-06-16 19:06:25.381317+00:00,2026-06-16 19:09:25.383304+00:00,1.6450,-4.7770
E58v2-30,SPELL,0.000149900000000000,0.000152300000000000,1.6011,1.60106738,180.0,timer_recovery,3.00,3.00,bear,,,,2026-06-16 18:53:31.360121+00:00,2026-06-16 18:59:39.702556+00:00,,
E58v2-30,XNA,0.000041030000000000,0.000041590000000000,1.3649,1.36485498,180.0,timeout,3.00,3.00,bear,,,,2026-06-16 17:55:34.385487+00:00,2026-06-16 17:58:34.389090+00:00,3.8996,-4.8501
E58v2-30,XNA,0.000043910000000000,0.000044460000000000,1.2526,1.25256206,180.0,timeout,3.00,3.00,bear,,,,2026-06-16 18:05:20.350851+00:00,2026-06-16 18:08:20.352304+00:00,2.5507,-1.9813
E58v2-30,XRPHAI,0.008380000000000000,0.008470000000000000,1.0740,1.07398568,180.0,trailing_stop,3.00,3.00,bear,,,,2026-06-16 18:07:55.319681+00:00,2026-06-16 18:08:03.706643+00:00,7.8759,0.0000
E58v2-30,DOGEUS,0.002024200000000000,0.002038200000000000,0.6916,0.69163126,180.0,timeout,3.00,3.00,bear,,,,2026-06-16 17:33:29.298332+00:00,2026-06-16 17:33:52.426358+00:00,2.1885,-1.8081
E58v2-30,DOGEUS,0.001920000000000000,0.001927100000000000,0.3698,0.36979167,180.0,trailing_stop,3.00,3.00,bear,,,,2026-06-16 17:30:52.424715+00:00,2026-06-16 17:31:40.307735+00:00,4.6406,-2.1823
E58v2-30,SNS,0.000935300000000000,0.000937400000000000,0.2245,0.22452689,180.0,timeout,3.00,3.00,bear,,,,2026-06-16 18:43:29.423317+00:00,2026-06-16 18:46:29.425190+00:00,0.2245,0.0000
E58v2-30,LVR,13.917600000000000000,13.945400000000000000,0.1997,0.19974708,180.0,trailing_stop,3.00,3.00,bear,,,,2026-06-16 18:32:23.368914+00:00,2026-06-16 18:33:07.294802+00:00,4.8960,-6.4393
E58v2-30,TUP,0.002300000000000000,0.002300000000000000,0.0000,0E-8,180.0,timeout,3.00,3.00,bear,,,,2026-06-16 17:31:57.388541+00:00,2026-06-16 17:34:57.389903+00:00,0.0000,0.0000
E58v2-30,ANT,0.000011579000000000,0.000011579000000000,0.0000,0E-8,180.0,timeout,3.00,3.00,bear,,,,2026-06-16 18:19:15.321551+00:00,2026-06-16 18:22:15.323240+00:00,0.0000,0.0000
E58v2-30,ALVA,0.011770000000000000,0.011770000000000000,0.0000,0E-8,180.0,timeout,3.00,3.00,bear,,,,2026-06-16 18:14:27.405497+00:00,2026-06-16 18:17:27.407157+00:00,0.0000,0.0000
E58v2-30,UBOX,0.000077000000000000,0.000077000000000000,0.0000,0E-8,180.0,timeout,3.00,3.00,bear,,,,2026-06-16 18:38:53.724646+00:00,2026-06-16 18:39:08.350541+00:00,0.0000,0.0000
E58v2-30,NDC,0.000321000000000000,0.000321000000000000,0.0000,0E-8,180.0,timeout,3.00,3.00,bear,,,,2026-06-16 17:48:29.480496+00:00,2026-06-16 17:51:29.482717+00:00,0.0000,-5.9190
E58v2-30,LVVA,0.000244800000000000,0.000244800000000000,0.0000,0E-8,180.0,timeout,3.00,3.00,bear,,,,2026-06-16 17:43:04.556672+00:00,2026-06-16 17:46:04.559165+00:00,0.0000,0.0000
E58v2-30,BOBO,0.007856000000000000,0.007856000000000000,0.0000,0E-8,180.0,timeout,3.00,3.00,bear,,,,2026-06-16 17:43:04.380746+00:00,2026-06-16 17:46:04.383048+00:00,0.0000,0.0000
E58v2-30,RAVE,0.333100000000000000,0.333100000000000000,0.0000,0E-8,180.0,timeout,3.00,3.00,bear,,,,2026-06-16 18:41:40.315349+00:00,2026-06-16 18:44:40.316878+00:00,0.0000,0.0000
E58v2-30,VIM,0.000240000000000000,0.000240000000000000,0.0000,0E-8,180.0,timeout,3.00,3.00,bear,,,,2026-06-16 18:42:31.386480+00:00,2026-06-16 18:45:31.389047+00:00,0.0000,0.0000
E58v2-30,DVERSE,0.000127700000000000,0.000127700000000000,0.0000,0E-8,180.0,timeout,3.00,3.00,bear,0.1405,56.32,0.0,2026-06-16 19:01:55.280434+00:00,2026-06-16 19:04:55.288815+00:00,0.0000,0.0000
E58v2-30,OZONE,12.643000000000000000,12.643000000000000000,0.0000,0E-8,180.0,timeout,3.00,3.00,bear,,,,2026-06-16 18:49:05.575339+00:00,2026-06-16 18:52:05.576631+00:00,0.0000,0.0000
E58v2-30,EON,0.003756000000000000,0.003756000000000000,0.0000,0E-8,180.0,timeout,3.00,3.00,bear,0.1405,56.32,0.0,2026-06-16 19:10:24.615170+00:00,2026-06-16 19:13:24.616280+00:00,0.0000,0.0000
E58v2-30,RAVE,0.333200000000000000,0.333200000000000000,0.0000,0E-8,180.0,timeout,3.00,3.00,bear,0.1405,56.32,0.0,2026-06-16 18:58:11.302707+00:00,2026-06-16 19:01:11.303665+00:00,0.0000,0.0000
E58v2-30,FAVE,0.055190000000000000,0.055190000000000000,0.0000,0E-8,180.0,timeout,3.00,3.00,bear,0.1405,56.32,0.0,2026-06-16 18:59:22.333015+00:00,2026-06-16 19:02:22.335708+00:00,0.0000,0.0000
E58v2-30,QLINDO,0.000759900000000000,0.000759900000000000,0.0000,0E-8,180.0,timeout,3.00,3.00,bear,,,,2026-06-16 17:35:17.485450+00:00,2026-06-16 17:38:17.487744+00:00,0.0000,0.0000
E58v2-30,VIM,0.000250000000000000,0.000250000000000000,0.0000,0E-8,180.0,timeout,3.00,3.00,bear,0.1405,56.32,0.0,2026-06-16 18:59:51.311119+00:00,2026-06-16 19:02:51.313925+00:00,0.0000,0.0000
E58v2-30,AIC,0.016834000000000000,0.016814000000000000,-0.1188,-0.11880718,180.0,timeout,3.00,3.00,bear,,,,2026-06-16 17:50:43.397306+00:00,2026-06-16 17:53:43.400035+00:00,0.0000,-0.1485
E58v2-30,TRT,0.030200000000000000,0.030100000000000000,-0.3311,-0.33112583,180.0,timeout,3.00,3.00,bear,,,,2026-06-16 17:39:11.349067+00:00,2026-06-16 17:42:11.350253+00:00,0.0000,-5.6291
E58v2-30,PXP,0.021020000000000000,0.020950000000000000,-0.3330,-0.33301618,180.0,timeout,3.00,3.00,bear,,,,2026-06-16 17:31:02.601472+00:00,2026-06-16 17:34:02.604098+00:00,0.0000,-0.4282
E58v2-30,VRA,0.000010002000000000,0.000009963000000000,-0.3899,-0.38992202,180.0,timeout,3.00,3.00,bear,,,,2026-06-16 18:32:18.364148+00:00,2026-06-16 18:35:18.366436+00:00,0.6899,-0.4899
E58v2-30,TARA,0.000032120000000000,0.000031940000000000,-0.5604,-0.56039851,180.0,timeout,3.00,3.00,bear,,,,2026-06-16 17:45:06.296438+00:00,2026-06-16 17:48:06.305170+00:00,0.2491,-0.5604
E58v2-30,LVR,12.800000000000000000,12.720900000000000000,-0.6180,-0.61796875,180.0,timeout,3.00,3.00,bear,,,,2026-06-16 18:19:01.349282+00:00,2026-06-16 18:22:01.350927+00:00,0.0000,-2.3578
E58v2-30,SENS,0.000055500000000000,0.000055100000000000,-0.7207,-0.72072072,180.0,timeout,3.00,3.00,bear,,,,2026-06-16 17:37:55.356360+00:00,2026-06-16 17:40:55.358053+00:00,0.0000,-3.9640
E58v2-30,CLAWBANK,0.000013722000000000,0.000013619000000000,-0.7506,-0.75061944,180.0,timeout,3.00,3.00,bear,,,,2026-06-16 17:45:50.257074+00:00,2026-06-16 17:48:50.263357+00:00,2.0697,-0.8454
E58v2-30,BSB,0.522820000000000000,0.518870000000000000,-0.7555,-0.75551815,180.0,timeout,3.00,3.00,bear,0.1405,56.32,0.0,2026-06-16 19:08:50.315290+00:00,2026-06-16 19:11:50.318063+00:00,0.9257,-2.1671
E58v2-30,SER,0.000058900000000000,0.000058400000000000,-0.8489,-0.84889643,180.0,timeout,3.00,3.00,bear,,,,2026-06-16 18:34:48.305235+00:00,2026-06-16 18:37:48.306962+00:00,0.0000,-0.8489
E58v2-30,ON,0.092810000000000000,0.091960000000000000,-0.9158,-0.91584959,180.0,trailing_stop,3.00,3.00,bear,,,,2026-06-16 17:35:57.325267+00:00,2026-06-16 17:36:04.297283+00:00,4.8809,-0.9158
E58v2-30,BOS,0.000096000000000000,0.000095000000000000,-1.0417,-1.04166667,180.0,trailing_stop,3.00,3.00,bear,0.1405,56.32,0.0,2026-06-16 19:12:28.399701+00:00,2026-06-16 19:12:44.231956+00:00,4.1667,-1.0417
E58v2-30,LKY,0.069290000000000000,0.068500000000000000,-1.1401,-1.14013566,180.0,timeout,3.00,3.00,bear,,,,2026-06-16 18:12:19.310030+00:00,2026-06-16 18:15:19.330771+00:00,1.2267,-3.1029
E58v2-30,CS,2.414000000000000000,2.383600000000000000,-1.2593,-1.25932063,180.0,trailing_stop,3.00,3.00,bear,0.1405,56.32,0.0,2026-06-16 19:08:58.354416+00:00,2026-06-16 19:11:01.291955+00:00,3.9768,-1.2593
E58v2-30,GAIN,0.001466600000000000,0.001443900000000000,-1.5478,-1.54779763,180.0,trailing_stop,3.00,3.00,bear,,,,2026-06-16 17:33:02.280080+00:00,2026-06-16 17:33:23.283981+00:00,3.0070,-1.5478
E58v2-30,OZONE,10.500000000000000000,10.332000000000000000,-1.6000,-1.60000000,180.0,trailing_stop,3.00,3.00,bear,,,,2026-06-16 18:44:50.309551+00:00,2026-06-16 18:45:50.293526+00:00,5.4286,-5.1143
E58v2-30,CLAWBANK,0.000014388000000000,0.000014139000000000,-1.7306,-1.73060884,180.0,timeout,3.00,3.00,bear,,,,2026-06-16 18:29:51.254135+00:00,2026-06-16 18:32:51.262530+00:00,0.0000,-1.7376
E58v2-30,UNION,0.000350000000000000,0.000343200000000000,-1.9429,-1.94285714,180.0,timeout,3.00,3.00,bear,,,,2026-06-16 17:58:28.493806+00:00,2026-06-16 18:01:28.497686+00:00,0.0000,-2.0286
E58v2-30,HOOLI,0.000444800000000000,0.000435300000000000,-2.1358,-2.13579137,180.0,timeout,3.00,3.00,bear,0.1405,56.32,0.0,2026-06-16 18:57:52.260698+00:00,2026-06-16 19:00:52.262281+00:00,0.0000,-2.6079
E58v2-30,XT,0.000720000000000000,0.000702900000000000,-2.3750,-2.37500000,180.0,trailing_stop,3.00,3.00,bear,,,,2026-06-16 17:37:29.301228+00:00,2026-06-16 17:37:47.274149+00:00,5.5417,-2.3750
E58v2-30,PEPECOIN,0.062900000000000000,0.061380000000000000,-2.4165,-2.41653418,180.0,timeout,3.00,3.00,bear,0.1405,56.32,0.0,2026-06-16 19:07:08.410464+00:00,2026-06-16 19:10:08.413620+00:00,1.5580,-3.5453
E58v2-30,XT,0.000742100000000000,0.000720700000000000,-2.8837,-2.88370840,180.0,trailing_stop,3.00,3.00,bear,0.1405,56.32,0.0,2026-06-16 19:09:16.327653+00:00,2026-06-16 19:10:12.201444+00:00,2.0752,-2.8837
E58v2-30,RIZE,0.002580000000000000,0.002500000000000000,-3.1008,-3.10077519,180.0,timeout,3.00,3.00,bear,,,,2026-06-16 17:52:09.309051+00:00,2026-06-16 17:55:09.310768+00:00,0.0000,-4.3798
E58v2-30,PAL,0.000892600000000000,0.000859700000000000,-3.6859,-3.68586153,180.0,timer_recovery,3.00,3.00,bear,,,,2026-06-16 18:54:19.319399+00:00,2026-06-16 19:00:39.798612+00:00,,
E58v2-30,LVR,13.767700000000000000,13.259900000000000000,-3.6883,-3.68834301,180.0,trailing_stop,3.00,3.00,bear,,,,2026-06-16 18:34:16.307607+00:00,2026-06-16 18:34:46.283700+00:00,3.9418,-3.6883
E58v2-30,FARTBOY,0.012148000000000000,0.011663000000000000,-3.9924,-3.99242674,180.0,timeout,3.00,3.00,bear,,,,2026-06-16 18:05:44.348663+00:00,2026-06-16 18:08:44.350543+00:00,0.0000,-4.2723
E58v2-30,LVR,12.399600000000000000,11.897700000000000000,-4.0477,-4.04771122,180.0,timeout,3.00,3.00,bear,,,,2026-06-16 17:50:41.310805+00:00,2026-06-16 17:53:41.312680+00:00,0.0000,-5.7091
E58v2-30,SAL,0.021470000000000000,0.020560000000000000,-4.2385,-4.23847229,180.0,timeout,3.00,3.00,bear,,,,2026-06-16 18:31:55.304821+00:00,2026-06-16 18:34:55.306589+00:00,0.0000,-4.2385
E58v2-30,VIM,0.000230000000000000,0.000220000000000000,-4.3478,-4.34782609,180.0,timeout,3.00,3.00,bear,,,,2026-06-16 17:49:13.310572+00:00,2026-06-16 17:52:13.312412+00:00,0.0000,-4.3478
E58v2-30,PHYCHAIN,0.361100000000000000,0.344700000000000000,-4.5417,-4.54167821,180.0,trailing_stop,3.00,3.00,bear,,,,2026-06-16 18:39:05.285749+00:00,2026-06-16 18:40:32.254358+00:00,2.3539,-4.5417
E58v2-30,TOYL,2.172300000000000000,2.070100000000000000,-4.7047,-4.70469088,180.0,timeout,3.00,3.00,bear,,,,2026-06-16 17:32:41.239844+00:00,2026-06-16 17:35:41.242961+00:00,0.0000,-6.5184
E58v2-30,CS,2.343600000000000000,2.221500000000000000,-5.2099,-5.20993344,180.0,timeout,3.00,3.00,bear,,,,2026-06-16 17:44:41.355853+00:00,2026-06-16 17:47:41.358215+00:00,0.0000,-5.6580
E58v2-30,DVERSE,0.000126800000000000,0.000120000000000000,-5.3628,-5.36277603,180.0,timeout,3.00,3.00,bear,,,,2026-06-16 17:38:04.330857+00:00,2026-06-16 17:41:04.361086+00:00,0.0000,-5.3628
E58v2-30,SHOT,0.615520000000000000,0.581400000000000000,-5.5433,-5.54328048,180.0,timeout,3.00,3.00,bear,,,,2026-06-16 18:18:22.407035+00:00,2026-06-16 18:21:22.409369+00:00,0.0000,-6.2874
E58v2-30,PAL,0.000890500000000000,0.000841100000000000,-5.5474,-5.54744526,180.0,timeout,3.00,3.00,bear,,,,2026-06-16 17:43:46.337394+00:00,2026-06-16 17:46:46.340044+00:00,0.0000,-6.0079
E58v2-30,SAL,0.023000000000000000,0.021650000000000000,-5.8696,-5.86956522,180.0,timeout,3.00,3.00,bear,,,,2026-06-16 17:53:26.357327+00:00,2026-06-16 17:56:26.359423+00:00,0.0000,-6.7826
E58v2-30,UBOX,0.000082000000000000,0.000077000000000000,-6.0976,-6.09756098,180.0,timeout,3.00,3.00,bear,,,,2026-06-16 18:40:44.271748+00:00,2026-06-16 18:41:53.726292+00:00,0.0000,-6.0976
E58v2-30,UBOX,0.000079000000000000,0.000074000000000000,-6.3291,-6.32911392,180.0,trailing_stop,3.00,3.00,bear,,,,2026-06-16 18:19:56.324482+00:00,2026-06-16 18:20:18.397536+00:00,2.5316,-6.3291
E58v2-30,RBT,29.870000000000000000,27.890000000000000000,-6.6287,-6.62872447,180.0,timeout,3.00,3.00,bear,,,,2026-06-16 17:46:31.378790+00:00,2026-06-16 17:49:31.380452+00:00,0.0000,-6.6287
E58v2-30,XT,0.000831600000000000,0.000770000000000000,-7.4074,-7.40740741,180.0,stop_loss,3.00,3.00,bear,,,,2026-06-16 17:51:04.394023+00:00,2026-06-16 17:51:41.289341+00:00,0.0000,-7.4074
E58v2-30,DOGEUS,0.002150800000000000,0.001990000000000000,-7.4763,-7.47628789,180.0,stop_loss,3.00,3.00,bear,,,,2026-06-16 17:39:13.397570+00:00,2026-06-16 17:39:14.357223+00:00,0.0000,-7.4763
E58v2-30,SHOT,0.756000000000000000,0.698150000000000000,-7.6521,-7.65211640,180.0,stop_loss,3.00,3.00,bear,0.1405,56.32,0.0,2026-06-16 18:59:40.226353+00:00,2026-06-16 19:00:56.204597+00:00,0.0013,-7.6521
E58v2-30,OBI,0.000165200000000000,0.000151000000000000,-8.5956,-8.59564165,180.0,trailing_stop,3.00,3.00,bear,,,,2026-06-16 18:00:37.317157+00:00,2026-06-16 18:01:46.321321+00:00,3.3898,-8.5956
E58v2-30,UBOX,0.000079000000000000,0.000072000000000000,-8.8608,-8.86075949,180.0,stop_loss,3.00,3.00,bear,,,,2026-06-16 18:36:08.346670+00:00,2026-06-16 18:37:23.322409+00:00,0.0000,-8.8608
E58v2-30,OZONE,10.500000000000000000,8.600000000000000000,-18.0952,-18.09523810,180.0,stop_loss,3.00,3.00,bear,0.1405,56.32,0.0,2026-06-16 18:56:27.381644+00:00,2026-06-16 18:59:21.309971+00:00,0.0000,-18.0952
E58v2-30,AIPO,0.001488000000000000,0.001200000000000000,-19.3548,-19.35483871,180.0,stop_loss,3.00,3.00,bear,,,,2026-06-16 17:37:23.370767+00:00,2026-06-16 17:37:30.401811+00:00,0.0000,-19.3548
E58v2-30,CSIGMA,0.039990000000000000,0.032000000000000000,-19.9800,-19.97999500,180.0,stop_loss,3.00,3.00,bear,,,,2026-06-16 18:43:45.313825+00:00,2026-06-16 18:44:46.287336+00:00,0.0000,-19.9800
E58v2-6,OZONE,5.600000000000000000,9.000000000000000000,60.7143,60.71428571,180.0,trailing_stop,2.00,3.00,bear,,,,2026-06-16 17:32:14.300364+00:00,2026-06-16 17:33:04.331669+00:00,75.0000,0.0000
E58v2-6,OZONE,23.000000000000000000,32.000000000000000000,39.1304,39.13043478,180.0,trailing_stop,2.00,3.00,bear,,,,2026-06-16 17:59:44.296269+00:00,2026-06-16 18:00:43.313082+00:00,52.1739,0.0000
E58v2-6,CSIGMA,0.090000000000000000,0.122000000000000000,35.5556,35.55555556,180.0,trailing_stop,2.00,3.00,bear,,,,2026-06-16 17:49:33.270231+00:00,2026-06-16 17:52:10.274568+00:00,47.2778,0.0000
E58v2-6,CSIGMA,0.024000000000000000,0.030400000000000000,26.6667,26.66666667,180.0,trailing_stop,2.00,3.00,bear,,,,2026-06-16 18:47:42.595012+00:00,2026-06-16 18:50:07.256368+00:00,62.5000,0.0000
E58v2-6,XT,0.000598000000000000,0.000690800000000000,15.5184,15.51839465,180.0,trailing_stop,2.00,3.00,bear,,,,2026-06-16 17:34:50.289329+00:00,2026-06-16 17:35:50.292973+00:00,27.0903,0.0000
E58v2-6,STRM,0.000414100000000000,0.000451600000000000,9.0558,9.05578363,180.0,timeout,2.00,3.00,bear,,,,2026-06-16 17:51:51.360572+00:00,2026-06-16 17:54:51.363099+00:00,12.3400,0.0000
E58v2-6,DVERSE,0.000123800000000000,0.000133000000000000,7.4313,7.43134087,180.0,timeout,2.00,3.00,bear,,,,2026-06-16 18:50:01.262127+00:00,2026-06-16 18:53:01.264297+00:00,7.4313,0.0000
E58v2-6,CS,2.275400000000000000,2.440000000000000000,7.2339,7.23389294,180.0,trailing_stop,2.00,3.00,bear,,,,2026-06-16 18:15:56.340631+00:00,2026-06-16 18:16:11.316241+00:00,12.5077,-2.7028
E58v2-6,ESPORTS,0.129290000000000000,0.137190000000000000,6.1103,6.11029469,180.0,timeout,2.00,3.00,bear,0.1405,56.32,0.0,2026-06-16 19:08:18.279677+00:00,2026-06-16 19:11:18.281394+00:00,7.2009,-2.5833
E58v2-6,UBOX,0.000074000000000000,0.000078000000000000,5.4054,5.40540541,180.0,timeout,2.00,3.00,bear,,,,2026-06-16 17:40:47.288164+00:00,2026-06-16 17:43:47.292419+00:00,5.4054,0.0000
E58v2-6,RICH,0.000206800000000000,0.000217500000000000,5.1741,5.17408124,180.0,timer_recovery,2.00,3.00,bear,,,,2026-06-16 18:53:05.302207+00:00,2026-06-16 18:59:09.664536+00:00,,
E58v2-6,VIM,0.000230000000000000,0.000240000000000000,4.3478,4.34782609,180.0,timeout,2.00,3.00,bear,,,,2026-06-16 18:06:14.311405+00:00,2026-06-16 18:09:14.312653+00:00,4.3478,0.0000
E58v2-6,SHOT,0.714080000000000000,0.745000000000000000,4.3300,4.33004705,180.0,trailing_stop,2.00,3.00,bear,,,,2026-06-16 18:47:48.295416+00:00,2026-06-16 18:48:17.278339+00:00,14.5670,-0.0056
E58v2-6,VIM,0.000240000000000000,0.000250000000000000,4.1667,4.16666667,180.0,timeout,2.00,3.00,bear,,,,2026-06-16 18:27:52.305980+00:00,2026-06-16 18:30:52.307872+00:00,4.1667,0.0000
E58v2-6,XT,0.000749700000000000,0.000779800000000000,4.0149,4.01493931,180.0,timeout,2.00,3.00,bear,,,,2026-06-16 17:43:31.228470+00:00,2026-06-16 17:46:31.230235+00:00,4.0149,-3.9883
E58v2-6,SHOT,0.540000000000000000,0.561630000000000000,4.0056,4.00555556,180.0,timeout,2.00,3.00,bear,,,,2026-06-16 17:59:14.244255+00:00,2026-06-16 18:02:14.246133+00:00,5.2944,-0.7185
E58v2-6,XT,0.000733800000000000,0.000756100000000000,3.0390,3.03897520,180.0,timeout,2.00,3.00,bear,,,,2026-06-16 17:57:59.326639+00:00,2026-06-16 18:00:59.328924+00:00,3.1071,-4.4017
E58v2-6,BSA,0.001300000000000000,0.001333000000000000,2.5385,2.53846154,180.0,timeout,2.00,3.00,bear,0.1405,56.32,0.0,2026-06-16 19:04:23.317620+00:00,2026-06-16 19:07:23.319519+00:00,2.5385,-0.7692
E58v2-6,XP8,0.000880000000000000,0.000900000000000000,2.2727,2.27272727,180.0,timeout,2.00,3.00,bear,,,,2026-06-16 18:14:32.329149+00:00,2026-06-16 18:17:32.332625+00:00,2.2727,0.0000
E58v2-6,DEVVE,0.018600000000000000,0.018950000000000000,1.8817,1.88172043,180.0,timeout,2.00,3.00,bear,,,,2026-06-16 17:38:58.240764+00:00,2026-06-16 17:41:58.242146+00:00,2.0968,-3.9785
E58v2-6,CHEQ,0.003161000000000000,0.003213000000000000,1.6450,1.64504904,180.0,timeout,2.00,3.00,bear,0.1405,56.32,0.0,2026-06-16 19:06:25.359264+00:00,2026-06-16 19:09:25.360888+00:00,1.6450,-4.7770
E58v2-6,SPELL,0.000149900000000000,0.000152300000000000,1.6011,1.60106738,180.0,timer_recovery,2.00,3.00,bear,,,,2026-06-16 18:53:31.348319+00:00,2026-06-16 18:59:39.696113+00:00,,
E58v2-6,XNA,0.000041030000000000,0.000041590000000000,1.3649,1.36485498,180.0,timeout,2.00,3.00,bear,,,,2026-06-16 17:55:34.350905+00:00,2026-06-16 17:58:34.353643+00:00,3.8996,-4.8501
E58v2-6,XNA,0.000043910000000000,0.000044460000000000,1.2526,1.25256206,180.0,timeout,2.00,3.00,bear,,,,2026-06-16 18:05:20.341862+00:00,2026-06-16 18:08:20.343427+00:00,2.5507,-1.9813
E58v2-6,XRPHAI,0.008380000000000000,0.008470000000000000,1.0740,1.07398568,180.0,trailing_stop,2.00,3.00,bear,,,,2026-06-16 18:07:55.308325+00:00,2026-06-16 18:08:03.698541+00:00,7.8759,0.0000
E58v2-6,LVR,12.900000000000000000,13.003600000000000000,0.8031,0.80310078,180.0,trailing_stop,2.00,3.00,bear,,,,2026-06-16 18:29:22.309409+00:00,2026-06-16 18:29:49.282206+00:00,5.4264,-0.3992
E58v2-6,DOGEUS,0.002024200000000000,0.002038200000000000,0.6916,0.69163126,180.0,timeout,2.00,3.00,bear,,,,2026-06-16 17:33:29.286735+00:00,2026-06-16 17:33:52.405654+00:00,2.1885,-1.8081
E58v2-6,DOGEUS,0.001920000000000000,0.001927100000000000,0.3698,0.36979167,180.0,trailing_stop,2.00,3.00,bear,,,,2026-06-16 17:30:52.403078+00:00,2026-06-16 17:31:40.302182+00:00,4.6406,-2.1823
E58v2-6,SNS,0.000935300000000000,0.000937400000000000,0.2245,0.22452689,180.0,timeout,2.00,3.00,bear,,,,2026-06-16 18:43:29.399126+00:00,2026-06-16 18:46:29.403342+00:00,0.2245,0.0000
E58v2-6,LVR,13.917600000000000000,13.945400000000000000,0.1997,0.19974708,180.0,trailing_stop,2.00,3.00,bear,,,,2026-06-16 18:32:23.337892+00:00,2026-06-16 18:33:07.291450+00:00,4.8960,-6.4393
E58v2-6,NDC,0.000321000000000000,0.000321000000000000,0.0000,0E-8,180.0,timeout,2.00,3.00,bear,,,,2026-06-16 17:48:29.439445+00:00,2026-06-16 17:51:29.442415+00:00,0.0000,-5.9190
E58v2-6,RAVE,0.333100000000000000,0.333100000000000000,0.0000,0E-8,180.0,timeout,2.00,3.00,bear,,,,2026-06-16 18:41:40.303323+00:00,2026-06-16 18:44:40.305020+00:00,0.0000,0.0000
E58v2-6,OZONE,12.643000000000000000,12.643000000000000000,0.0000,0E-8,180.0,timeout,2.00,3.00,bear,,,,2026-06-16 18:49:05.510618+00:00,2026-06-16 18:52:05.512694+00:00,0.0000,0.0000
E58v2-6,ALVA,0.011770000000000000,0.011770000000000000,0.0000,0E-8,180.0,timeout,2.00,3.00,bear,,,,2026-06-16 18:14:27.378302+00:00,2026-06-16 18:17:27.380391+00:00,0.0000,0.0000
E58v2-6,DVERSE,0.000127700000000000,0.000127700000000000,0.0000,0E-8,180.0,timeout,2.00,3.00,bear,0.1405,56.32,0.0,2026-06-16 19:01:55.265111+00:00,2026-06-16 19:04:55.270774+00:00,0.0000,0.0000
E58v2-6,ANT,0.000011579000000000,0.000011579000000000,0.0000,0E-8,180.0,timeout,2.00,3.00,bear,,,,2026-06-16 18:19:15.308091+00:00,2026-06-16 18:22:15.309985+00:00,0.0000,0.0000
E58v2-6,VIM,0.000240000000000000,0.000240000000000000,0.0000,0E-8,180.0,timeout,2.00,3.00,bear,,,,2026-06-16 18:42:31.372633+00:00,2026-06-16 18:45:31.374063+00:00,0.0000,0.0000
E58v2-6,EON,0.003756000000000000,0.003756000000000000,0.0000,0E-8,180.0,timeout,2.00,3.00,bear,0.1405,56.32,0.0,2026-06-16 19:10:24.574399+00:00,2026-06-16 19:13:24.576262+00:00,0.0000,0.0000
E58v2-6,RAVE,0.333200000000000000,0.333200000000000000,0.0000,0E-8,180.0,timeout,2.00,3.00,bear,0.1405,56.32,0.0,2026-06-16 18:58:11.293134+00:00,2026-06-16 19:01:11.295202+00:00,0.0000,0.0000
E58v2-6,FAVE,0.055190000000000000,0.055190000000000000,0.0000,0E-8,180.0,timeout,2.00,3.00,bear,0.1405,56.32,0.0,2026-06-16 18:59:22.301285+00:00,2026-06-16 19:02:22.303597+00:00,0.0000,0.0000
E58v2-6,TUP,0.002300000000000000,0.002300000000000000,0.0000,0E-8,180.0,timeout,2.00,3.00,bear,,,,2026-06-16 17:31:57.374493+00:00,2026-06-16 17:34:57.375913+00:00,0.0000,0.0000
E58v2-6,UBOX,0.000077000000000000,0.000077000000000000,0.0000,0E-8,180.0,timeout,2.00,3.00,bear,,,,2026-06-16 18:38:53.537565+00:00,2026-06-16 18:39:08.304698+00:00,0.0000,0.0000
E58v2-6,VIM,0.000250000000000000,0.000250000000000000,0.0000,0E-8,180.0,timeout,2.00,3.00,bear,0.1405,56.32,0.0,2026-06-16 18:59:51.288194+00:00,2026-06-16 19:02:51.290277+00:00,0.0000,0.0000
E58v2-6,BOBO,0.007856000000000000,0.007856000000000000,0.0000,0E-8,180.0,timeout,2.00,3.00,bear,,,,2026-06-16 17:43:04.355483+00:00,2026-06-16 17:46:04.358150+00:00,0.0000,0.0000
E58v2-6,QLINDO,0.000759900000000000,0.000759900000000000,0.0000,0E-8,180.0,timeout,2.00,3.00,bear,,,,2026-06-16 17:35:17.454432+00:00,2026-06-16 17:38:17.456261+00:00,0.0000,0.0000
E58v2-6,LVVA,0.000244800000000000,0.000244800000000000,0.0000,0E-8,180.0,timeout,2.00,3.00,bear,,,,2026-06-16 17:43:04.536146+00:00,2026-06-16 17:46:04.538694+00:00,0.0000,0.0000
E58v2-6,AIC,0.016834000000000000,0.016814000000000000,-0.1188,-0.11880718,180.0,timeout,2.00,3.00,bear,,,,2026-06-16 17:50:43.376880+00:00,2026-06-16 17:53:43.379201+00:00,0.0000,-0.1485
E58v2-6,TRT,0.030200000000000000,0.030100000000000000,-0.3311,-0.33112583,180.0,timeout,2.00,3.00,bear,,,,2026-06-16 17:39:11.326158+00:00,2026-06-16 17:42:11.328524+00:00,0.0000,-5.6291
E58v2-6,PXP,0.021020000000000000,0.020950000000000000,-0.3330,-0.33301618,180.0,timeout,2.00,3.00,bear,,,,2026-06-16 17:31:02.585116+00:00,2026-06-16 17:34:02.587376+00:00,0.0000,-0.4282
E58v2-6,VRA,0.000010002000000000,0.000009963000000000,-0.3899,-0.38992202,180.0,timeout,2.00,3.00,bear,,,,2026-06-16 18:32:18.341593+00:00,2026-06-16 18:35:18.344141+00:00,0.6899,-0.4899
E58v2-6,TARA,0.000032120000000000,0.000031940000000000,-0.5604,-0.56039851,180.0,timeout,2.00,3.00,bear,,,,2026-06-16 17:45:06.281393+00:00,2026-06-16 17:48:06.282761+00:00,0.2491,-0.5604
E58v2-6,LVR,12.800000000000000000,12.720900000000000000,-0.6180,-0.61796875,180.0,timeout,2.00,3.00,bear,,,,2026-06-16 18:19:01.338032+00:00,2026-06-16 18:22:01.339844+00:00,0.0000,-2.3578
E58v2-6,SENS,0.000055500000000000,0.000055100000000000,-0.7207,-0.72072072,180.0,timeout,2.00,3.00,bear,,,,2026-06-16 17:37:55.342508+00:00,2026-06-16 17:40:55.344548+00:00,0.0000,-3.9640
E58v2-6,CLAWBANK,0.000013722000000000,0.000013619000000000,-0.7506,-0.75061944,180.0,timeout,2.00,3.00,bear,,,,2026-06-16 17:45:50.247757+00:00,2026-06-16 17:48:50.249072+00:00,2.0697,-0.8454
E58v2-6,BSB,0.522820000000000000,0.518870000000000000,-0.7555,-0.75551815,180.0,timeout,2.00,3.00,bear,0.1405,56.32,0.0,2026-06-16 19:08:50.304225+00:00,2026-06-16 19:11:50.309005+00:00,0.9257,-2.1671
E58v2-6,SER,0.000058900000000000,0.000058400000000000,-0.8489,-0.84889643,180.0,timeout,2.00,3.00,bear,,,,2026-06-16 18:34:48.295236+00:00,2026-06-16 18:37:48.296846+00:00,0.0000,-0.8489
E58v2-6,ON,0.092810000000000000,0.091960000000000000,-0.9158,-0.91584959,180.0,trailing_stop,2.00,3.00,bear,,,,2026-06-16 17:35:57.308283+00:00,2026-06-16 17:36:04.290809+00:00,4.8809,-0.9158
E58v2-6,BOS,0.000096000000000000,0.000095000000000000,-1.0417,-1.04166667,180.0,trailing_stop,2.00,3.00,bear,0.1405,56.32,0.0,2026-06-16 19:12:28.387173+00:00,2026-06-16 19:12:44.228891+00:00,4.1667,-1.0417
E58v2-6,LKY,0.069290000000000000,0.068500000000000000,-1.1401,-1.14013566,180.0,timeout,2.00,3.00,bear,,,,2026-06-16 18:12:19.293000+00:00,2026-06-16 18:15:19.303565+00:00,1.2267,-3.1029
E58v2-6,CS,2.414000000000000000,2.383600000000000000,-1.2593,-1.25932063,180.0,trailing_stop,2.00,3.00,bear,0.1405,56.32,0.0,2026-06-16 19:08:58.337516+00:00,2026-06-16 19:11:01.289440+00:00,3.9768,-1.2593
E58v2-6,GAIN,0.001466600000000000,0.001443900000000000,-1.5478,-1.54779763,180.0,trailing_stop,2.00,3.00,bear,,,,2026-06-16 17:33:02.271759+00:00,2026-06-16 17:33:23.277924+00:00,3.0070,-1.5478
E58v2-6,OZONE,10.500000000000000000,10.332000000000000000,-1.6000,-1.60000000,180.0,trailing_stop,2.00,3.00,bear,,,,2026-06-16 18:44:50.297135+00:00,2026-06-16 18:45:50.290637+00:00,5.4286,-5.1143
E58v2-6,CLAWBANK,0.000014388000000000,0.000014139000000000,-1.7306,-1.73060884,180.0,timeout,2.00,3.00,bear,,,,2026-06-16 18:29:51.239898+00:00,2026-06-16 18:32:51.261418+00:00,0.0000,-1.7376
E58v2-6,UNION,0.000350000000000000,0.000343200000000000,-1.9429,-1.94285714,180.0,timeout,2.00,3.00,bear,,,,2026-06-16 17:58:28.344717+00:00,2026-06-16 18:01:28.351141+00:00,0.0000,-2.0286
E58v2-6,HOOLI,0.000444800000000000,0.000435300000000000,-2.1358,-2.13579137,180.0,timeout,2.00,3.00,bear,0.1405,56.32,0.0,2026-06-16 18:57:52.247836+00:00,2026-06-16 19:00:52.249321+00:00,0.0000,-2.6079
E58v2-6,PEACE,0.000022440000000000,0.000021920000000000,-2.3173,-2.31729055,180.0,timeout,2.00,3.00,bear,0.1405,56.32,0.0,2026-06-16 19:02:57.336291+00:00,2026-06-16 19:05:57.338489+00:00,0.0000,-3.9216
E58v2-6,XT,0.000720000000000000,0.000702900000000000,-2.3750,-2.37500000,180.0,trailing_stop,2.00,3.00,bear,,,,2026-06-16 17:37:29.281313+00:00,2026-06-16 17:37:47.265784+00:00,5.5417,-2.3750
E58v2-6,PEPECOIN,0.062900000000000000,0.061380000000000000,-2.4165,-2.41653418,180.0,timeout,2.00,3.00,bear,0.1405,56.32,0.0,2026-06-16 19:07:08.379647+00:00,2026-06-16 19:10:08.382146+00:00,1.5580,-3.5453
E58v2-6,XT,0.000742100000000000,0.000720700000000000,-2.8837,-2.88370840,180.0,trailing_stop,2.00,3.00,bear,0.1405,56.32,0.0,2026-06-16 19:09:16.310809+00:00,2026-06-16 19:10:12.198766+00:00,2.0752,-2.8837
E58v2-6,RIZE,0.002580000000000000,0.002500000000000000,-3.1008,-3.10077519,180.0,timeout,2.00,3.00,bear,,,,2026-06-16 17:52:09.297396+00:00,2026-06-16 17:55:09.299152+00:00,0.0000,-4.3798
E58v2-6,PAL,0.000892600000000000,0.000859700000000000,-3.6859,-3.68586153,180.0,timer_recovery,2.00,3.00,bear,,,,2026-06-16 18:54:19.307706+00:00,2026-06-16 19:00:39.791848+00:00,,
E58v2-6,LVR,13.767700000000000000,13.259900000000000000,-3.6883,-3.68834301,180.0,trailing_stop,2.00,3.00,bear,,,,2026-06-16 18:34:16.285673+00:00,2026-06-16 18:34:46.276078+00:00,3.9418,-3.6883
E58v2-6,FARTBOY,0.012148000000000000,0.011663000000000000,-3.9924,-3.99242674,180.0,timeout,2.00,3.00,bear,,,,2026-06-16 18:05:44.335244+00:00,2026-06-16 18:08:44.337056+00:00,0.0000,-4.2723
E58v2-6,LVR,12.399600000000000000,11.897700000000000000,-4.0477,-4.04771122,180.0,timeout,2.00,3.00,bear,,,,2026-06-16 17:50:41.296981+00:00,2026-06-16 17:53:41.298605+00:00,0.0000,-5.7091
E58v2-6,SAL,0.021470000000000000,0.020560000000000000,-4.2385,-4.23847229,180.0,timeout,2.00,3.00,bear,,,,2026-06-16 18:31:55.294246+00:00,2026-06-16 18:34:55.295818+00:00,0.0000,-4.2385
E58v2-6,VIM,0.000230000000000000,0.000220000000000000,-4.3478,-4.34782609,180.0,timeout,2.00,3.00,bear,,,,2026-06-16 17:49:13.298631+00:00,2026-06-16 17:52:13.300190+00:00,0.0000,-4.3478
E58v2-6,PHYCHAIN,0.361100000000000000,0.344700000000000000,-4.5417,-4.54167821,180.0,trailing_stop,2.00,3.00,bear,,,,2026-06-16 18:39:05.279353+00:00,2026-06-16 18:40:32.241252+00:00,2.3539,-4.5417
E58v2-6,TOYL,2.172300000000000000,2.070100000000000000,-4.7047,-4.70469088,180.0,timeout,2.00,3.00,bear,,,,2026-06-16 17:32:41.227658+00:00,2026-06-16 17:35:41.229398+00:00,0.0000,-6.5184
E58v2-6,CS,2.343600000000000000,2.221500000000000000,-5.2099,-5.20993344,180.0,timeout,2.00,3.00,bear,,,,2026-06-16 17:44:41.340605+00:00,2026-06-16 17:47:41.342590+00:00,0.0000,-5.6580
E58v2-6,DVERSE,0.000126800000000000,0.000120000000000000,-5.3628,-5.36277603,180.0,timeout,2.00,3.00,bear,,,,2026-06-16 17:38:04.318577+00:00,2026-06-16 17:41:04.325635+00:00,0.0000,-5.3628
E58v2-6,SHOT,0.615520000000000000,0.581400000000000000,-5.5433,-5.54328048,180.0,timeout,2.00,3.00,bear,,,,2026-06-16 18:18:22.357452+00:00,2026-06-16 18:21:22.358878+00:00,0.0000,-6.2874
E58v2-6,PAL,0.000890500000000000,0.000841100000000000,-5.5474,-5.54744526,180.0,timeout,2.00,3.00,bear,,,,2026-06-16 17:43:46.300229+00:00,2026-06-16 17:46:46.302249+00:00,0.0000,-6.0079
E58v2-6,SAL,0.023000000000000000,0.021650000000000000,-5.8696,-5.86956522,180.0,timeout,2.00,3.00,bear,,,,2026-06-16 17:53:26.327579+00:00,2026-06-16 17:56:26.329221+00:00,0.0000,-6.7826
E58v2-6,UBOX,0.000082000000000000,0.000077000000000000,-6.0976,-6.09756098,180.0,timeout,2.00,3.00,bear,,,,2026-06-16 18:40:44.262198+00:00,2026-06-16 18:41:53.555777+00:00,0.0000,-6.0976
E58v2-6,UBOX,0.000079000000000000,0.000074000000000000,-6.3291,-6.32911392,180.0,trailing_stop,2.00,3.00,bear,,,,2026-06-16 18:19:56.300998+00:00,2026-06-16 18:20:18.384630+00:00,2.5316,-6.3291
E58v2-6,RBT,29.870000000000000000,27.890000000000000000,-6.6287,-6.62872447,180.0,timeout,2.00,3.00,bear,,,,2026-06-16 17:46:31.347517+00:00,2026-06-16 17:49:31.349423+00:00,0.0000,-6.6287
E58v2-6,XT,0.000831600000000000,0.000770000000000000,-7.4074,-7.40740741,180.0,stop_loss,2.00,3.00,bear,,,,2026-06-16 17:51:04.362465+00:00,2026-06-16 17:51:41.274571+00:00,0.0000,-7.4074
E58v2-6,DOGEUS,0.002150800000000000,0.001990000000000000,-7.4763,-7.47628789,180.0,stop_loss,2.00,3.00,bear,,,,2026-06-16 17:39:13.372894+00:00,2026-06-16 17:39:14.333369+00:00,0.0000,-7.4763
E58v2-6,SHOT,0.744660000000000000,0.686660000000000000,-7.7888,-7.78878951,180.0,stop_loss,2.00,3.00,bear,0.1405,56.32,0.0,2026-06-16 18:59:39.291364+00:00,2026-06-16 19:01:01.215144+00:00,1.5242,-7.7888
E58v2-6,OBI,0.000165200000000000,0.000151000000000000,-8.5956,-8.59564165,180.0,trailing_stop,2.00,3.00,bear,,,,2026-06-16 18:00:37.298032+00:00,2026-06-16 18:01:46.309211+00:00,3.3898,-8.5956
E58v2-6,UBOX,0.000079000000000000,0.000072000000000000,-8.8608,-8.86075949,180.0,stop_loss,2.00,3.00,bear,,,,2026-06-16 18:36:08.302028+00:00,2026-06-16 18:37:23.308225+00:00,0.0000,-8.8608
E58v2-6,OZONE,10.500000000000000000,8.600000000000000000,-18.0952,-18.09523810,180.0,stop_loss,2.00,3.00,bear,0.1405,56.32,0.0,2026-06-16 18:56:27.325589+00:00,2026-06-16 18:59:21.304053+00:00,0.0000,-18.0952
E58v2-6,AIPO,0.001488000000000000,0.001200000000000000,-19.3548,-19.35483871,180.0,stop_loss,2.00,3.00,bear,,,,2026-06-16 17:37:23.351540+00:00,2026-06-16 17:37:30.353854+00:00,0.0000,-19.3548
E58v2-6,CSIGMA,0.039990000000000000,0.032000000000000000,-19.9800,-19.97999500,180.0,stop_loss,2.00,3.00,bear,,,,2026-06-16 18:43:45.297801+00:00,2026-06-16 18:44:46.282312+00:00,0.0000,-19.9800
